Date,t,Close
2014-03-28,2014.242,1120.15
2014-03-27,2014.239,1114.28
2014-03-26,2014.236,1131.97
2014-03-25,2014.233,1158.72
2014-03-24,2014.231,1157.93
2014-03-21,2014.222,1183.04
2014-03-20,2014.219,1197.16
2014-03-19,2014.217,1199.25
2014-03-18,2014.214,1211.26
2014-03-17,2014.211,1192.1
2014-03-14,2014.203,1172.8
2014-03-13,2014.2,1189.06
2014-03-12,2014.197,1207.3
2014-03-11,2014.194,1199.99
2014-03-10,2014.192,1211.57
2014-03-07,2014.183,1214.79
2014-03-06,2014.181,1219.61
2014-03-05,2014.178,1218.26
2014-03-04,2014.175,1214.91
2014-03-03,2014.172,1202.69
2014-02-28,2014.158,1215.65
2014-02-27,2014.156,1219.21
2014-02-26,2014.153,1220.17
2014-02-25,2014.15,1220
2014-02-24,2014.147,1212.51
2014-02-21,2014.139,1203.79
2014-02-20,2014.136,1204.11
2014-02-19,2014.133,1202.34
2014-02-18,2014.131,1210.88
2014-02-14,2014.119,1202.8
2014-02-13,2014.117,1199.9
2014-02-12,2014.114,1186.69
2014-02-11,2014.111,1190.18
2014-02-10,2014.108,1172.93
2014-02-07,2014.1,1177.44
2014-02-06,2014.097,1159.96
2014-02-05,2014.094,1143.2
2014-02-04,2014.092,1138.16
2014-02-03,2014.089,1133.43
2014-01-31,2014.083,1180.97
2014-01-30,2014.081,1135.39
2014-01-29,2014.078,1106.92
2014-01-28,2014.075,1123.01
2014-01-27,2014.072,1101.23
2014-01-24,2014.064,1123.83
2014-01-23,2014.061,1160.1
2014-01-22,2014.058,1165.02
2014-01-21,2014.056,1163.7
2014-01-17,2014.044,1150.53
2014-01-16,2014.042,1156.22
2014-01-15,2014.039,1148.62
2014-01-09,2014.022,1130.24
2014-01-08,2014.019,1141.23
2014-01-07,2014.017,1138.86
2014-01-06,2014.014,1117.32
2014-01-03,2014.006,1105
2014-01-02,2014.003,1113.12
2013-12-31,2014,1120.71
2013-12-30,2013.997,1109.46
2013-12-27,2013.989,1118.4
2013-12-26,2013.986,1117.46
2013-12-24,2013.981,1111.84
2013-12-23,2013.978,1115.1
2013-12-20,2013.969,1100.62
2013-12-19,2013.967,1086.22
2013-12-18,2013.964,1084.75
2013-12-17,2013.961,1069.86
2013-12-16,2013.958,1072.98
2013-12-13,2013.95,1060.79
2013-12-12,2013.947,1069.96
2013-12-11,2013.944,1077.29
2013-12-10,2013.942,1084.66
2013-12-09,2013.939,1078.14
2013-12-06,2013.931,1069.87
2013-12-05,2013.928,1057.34
2013-12-04,2013.925,1058.18
2013-12-03,2013.922,1053.26
2013-12-02,2013.919,1054.48
2013-11-29,2013.911,1059.59
2013-11-27,2013.906,1063.11
2013-11-26,2013.903,1058.41
2013-11-25,2013.9,1045.93
2013-11-22,2013.892,1031.89
2013-11-21,2013.889,1034.07
2013-11-20,2013.886,1022.31
2013-11-19,2013.883,1025.2
2013-11-18,2013.881,1031.55
2013-11-15,2013.872,1033.56
2013-11-14,2013.869,1035.23
2013-11-13,2013.867,1032.47
2013-11-12,2013.864,1011.78
2013-11-11,2013.861,1010.59
2013-11-08,2013.853,1016.03
2013-11-07,2013.85,1007.95
2013-11-06,2013.847,1022.75
2013-11-05,2013.844,1021.52
2013-11-04,2013.842,1026.11
2013-11-01,2013.833,1027.04
2013-10-31,2013.833,1030.58
2013-10-30,2013.831,1030.42
2013-10-29,2013.828,1036.24
2013-10-28,2013.825,1015
2013-10-25,2013.817,1015.2
2013-10-24,2013.814,1025.55
2013-10-23,2013.811,1031.41
2013-10-22,2013.808,1007
2013-10-21,2013.806,1003.3
2013-10-18,2013.797,1011.41
2013-10-17,2013.794,888.79
2013-10-16,2013.792,898.03
2013-10-15,2013.789,882.01
2013-10-14,2013.786,876.11
2013-10-11,2013.778,871.99
2013-10-10,2013.775,868.24
2013-10-09,2013.772,855.86
2013-10-08,2013.769,853.67
2013-10-07,2013.767,865.74
2013-10-04,2013.758,872.35
2013-10-03,2013.756,876.09
2013-10-02,2013.753,887.99
2013-10-01,2013.75,887
2013-09-30,2013.747,875.91
2013-09-27,2013.739,876.39
2013-09-26,2013.736,878.17
2013-09-25,2013.733,877.23
2013-09-24,2013.731,886.84
2013-09-23,2013.728,886.5
2013-09-20,2013.719,903.11
2013-09-19,2013.717,898.39
2013-09-18,2013.714,903.32
2013-09-17,2013.711,886.11
2013-09-16,2013.708,887.76
2013-09-13,2013.7,889.07
2013-09-12,2013.697,893.06
2013-09-11,2013.694,896.19
2013-09-10,2013.692,888.67
2013-09-09,2013.689,888.05
2013-09-06,2013.681,879.58
2013-09-05,2013.678,879.56
2013-09-04,2013.675,871.63
2013-09-03,2013.672,860.38
2013-08-30,2013.664,846.9
2013-08-29,2013.661,855.43
2013-08-28,2013.658,848.55
2013-08-27,2013.656,850.15
2013-08-26,2013.653,866.39
2013-08-23,2013.644,870.21
2013-08-22,2013.642,873.71
2013-08-21,2013.639,869.33
2013-08-20,2013.636,865.42
2013-08-19,2013.633,865.65
2013-08-16,2013.625,856.91
2013-08-15,2013.622,859.66
2013-08-14,2013.619,869.81
2013-08-13,2013.617,881.25
2013-08-12,2013.614,885.51
2013-08-09,2013.606,890.41
2013-08-08,2013.603,892.66
2013-08-07,2013.6,890.65
2013-08-06,2013.597,896.57
2013-08-05,2013.594,905
2013-08-02,2013.586,906.57
2013-08-01,2013.583,904.22
2013-07-31,2013.583,887.75
2013-07-30,2013.581,890.92
2013-07-29,2013.578,882.27
2013-07-26,2013.569,885.35
2013-07-25,2013.567,887.7
2013-07-24,2013.564,902.9
2013-07-23,2013.561,903.8
2013-07-22,2013.558,910.7
2013-07-19,2013.55,896.6
2013-07-18,2013.547,910.68
2013-07-17,2013.544,918.55
2013-07-16,2013.542,919.61
2013-07-15,2013.539,924.69
2013-07-12,2013.531,923
2013-07-11,2013.528,920.24
2013-07-10,2013.525,905.99
2013-07-09,2013.522,905.24
2013-07-08,2013.519,905.09
2013-07-05,2013.511,893.49
2013-07-03,2013.506,886.43
2013-07-02,2013.503,882.31
2013-07-01,2013.5,887.88
2013-06-28,2013.492,880.37
2013-06-27,2013.489,877.07
2013-06-26,2013.486,873.65
2013-06-25,2013.483,866.2
2013-06-24,2013.481,869.79
2013-06-21,2013.472,880.93
2013-06-20,2013.469,884.74
2013-06-19,2013.467,900.68
2013-06-18,2013.464,900.62
2013-06-17,2013.461,886.25
2013-06-14,2013.453,875.04
2013-06-13,2013.45,877
2013-06-12,2013.447,871.98
2013-06-11,2013.444,879.81
2013-06-10,2013.442,890.22
2013-06-07,2013.433,879.73
2013-06-06,2013.431,864.64
2013-06-05,2013.428,859.7
2013-06-04,2013.425,859.1
2013-06-03,2013.422,867.63
2013-05-31,2013.417,871.22
2013-05-30,2013.414,870.76
2013-05-29,2013.411,868.31
2013-05-28,2013.408,881.27
2013-05-24,2013.397,873.32
2013-05-23,2013.394,882.79
2013-05-22,2013.392,889.42
2013-05-21,2013.389,906.97
2013-05-20,2013.386,908.53
2013-05-17,2013.378,909.18
2013-05-16,2013.375,903.87
2013-05-15,2013.372,915.89
2013-05-14,2013.369,887.1
2013-05-13,2013.367,877.53
2013-05-10,2013.358,880.23
2013-05-09,2013.356,871.48
2013-05-08,2013.353,873.63
2013-05-07,2013.35,857.23
2013-05-06,2013.347,861.55
2013-05-03,2013.339,845.72
2013-05-02,2013.336,829.61
2013-05-01,2013.333,820.43
2013-04-30,2013.331,824.57
2013-04-29,2013.328,819.06
2013-04-26,2013.319,801.42
2013-04-25,2013.317,809.1
2013-04-24,2013.314,813.45
2013-04-23,2013.311,807.9
2013-04-22,2013.308,800.11
2013-04-19,2013.3,799.87
2013-04-18,2013.297,765.91
2013-04-17,2013.294,782.56
2013-04-16,2013.292,793.37
2013-04-15,2013.289,781.93
2013-04-12,2013.281,790.05
2013-04-11,2013.278,790.39
2013-04-10,2013.275,790.18
2013-04-09,2013.272,777.65
2013-04-08,2013.269,774.85
2013-04-05,2013.261,783.05
2013-04-04,2013.258,795.07
2013-04-03,2013.256,806.2
2013-04-02,2013.253,813.04
2013-04-01,2013.25,801.19
2013-03-28,2013.242,794.19
2013-03-27,2013.239,802.66
2013-03-26,2013.236,812.42
2013-03-25,2013.233,809.64
2013-03-22,2013.225,810.31
2013-03-21,2013.222,811.26
2013-03-20,2013.219,814.71
2013-03-19,2013.217,811.32
2013-03-18,2013.214,807.79
2013-03-15,2013.206,814.3
2013-03-14,2013.203,821.54
2013-03-13,2013.2,825.31
2013-03-12,2013.197,827.61
2013-03-11,2013.194,834.82
2013-03-08,2013.186,831.52
2013-03-07,2013.183,832.6
2013-03-06,2013.181,831.38
2013-03-05,2013.178,838.6
2013-03-04,2013.175,821.5
2013-03-01,2013.167,806.19
2013-02-28,2013.158,801.2
2013-02-27,2013.156,799.78
2013-02-26,2013.153,790.13
2013-02-25,2013.15,790.77
2013-02-22,2013.142,799.71
2013-02-21,2013.139,795.53
2013-02-20,2013.136,792.46
2013-02-19,2013.133,806.85
2013-02-15,2013.122,792.89
2013-02-14,2013.119,787.82
2013-02-13,2013.117,782.86
2013-02-12,2013.114,780.7
2013-02-11,2013.111,782.42
2013-02-08,2013.103,785.37
2013-02-07,2013.1,773.95
2013-02-06,2013.097,770.17
2013-02-05,2013.094,765.74
2013-02-04,2013.092,759.02
2013-02-01,2013.083,775.6
2013-01-31,2013.083,755.69
2013-01-30,2013.081,753.83
2013-01-29,2013.078,753.68
2013-01-28,2013.075,750.73
2013-01-25,2013.067,753.67
2013-01-24,2013.064,754.21
2013-01-23,2013.061,741.5
2013-01-22,2013.058,702.87
2013-01-18,2013.047,704.51
2013-01-17,2013.044,711.32
2013-01-16,2013.042,715.19
2013-01-15,2013.039,724.93
2013-01-14,2013.036,723.25
2013-01-11,2013.028,739.99
2013-01-10,2013.025,741.48
2013-01-09,2013.022,738.12
2013-01-08,2013.019,733.3
2013-01-07,2013.017,734.75
2013-01-04,2013.008,737.97
2013-01-03,2013.006,723.67
2013-01-02,2013.003,723.25
2012-12-31,2013,707.38
2012-12-28,2012.992,700.01
2012-12-27,2012.989,706.29
2012-12-26,2012.986,708.87
2012-12-24,2012.981,709.5
2012-12-21,2012.972,715.63
2012-12-20,2012.969,722.36
2012-12-19,2012.967,720.11
2012-12-18,2012.964,721.07
2012-12-17,2012.961,720.78
2012-12-14,2012.953,701.96
2012-12-13,2012.95,702.7
2012-12-12,2012.947,697.56
2012-12-11,2012.944,696.88
2012-12-10,2012.942,685.42
2012-12-07,2012.933,684.21
2012-12-06,2012.931,691.13
2012-12-05,2012.928,687.82
2012-12-04,2012.925,691.03
2012-12-03,2012.922,695.25
2012-11-30,2012.914,698.37
2012-11-29,2012.911,691.89
2012-11-28,2012.908,683.67
2012-11-27,2012.906,670.71
2012-11-26,2012.903,661.15
2012-11-23,2012.894,667.97
2012-11-21,2012.889,665.87
2012-11-20,2012.886,669.97
2012-11-19,2012.883,668.21
2012-11-16,2012.875,647.18
2012-11-15,2012.872,647.26
2012-11-14,2012.869,652.55
2012-11-13,2012.867,659.05
2012-11-12,2012.864,665.9
2012-11-09,2012.856,663.03
2012-11-08,2012.853,652.29
2012-11-07,2012.85,667.12
2012-11-06,2012.847,681.72
2012-11-05,2012.844,682.96
2012-11-02,2012.836,687.92
2012-11-01,2012.833,687.59
2012-10-31,2012.833,680.3
2012-10-26,2012.819,675.15
2012-10-25,2012.817,677.76
2012-10-24,2012.814,677.3
2012-10-23,2012.811,680.35
2012-10-22,2012.808,678.67
2012-10-19,2012.8,681.79
2012-10-18,2012.797,695
2012-10-17,2012.794,755.49
2012-10-16,2012.792,744.7
2012-10-15,2012.789,740.98
2012-10-12,2012.781,744.75
2012-10-11,2012.778,751.48
2012-10-10,2012.775,744.56
2012-10-09,2012.772,744.09
2012-10-08,2012.769,757.84
2012-10-05,2012.761,767.65
2012-10-04,2012.758,768.05
2012-10-03,2012.756,762.5
2012-10-02,2012.753,756.99
2012-10-01,2012.75,761.78
2012-09-28,2012.742,754.5
2012-09-27,2012.739,756.5
2012-09-26,2012.736,753.46
2012-09-25,2012.733,749.16
2012-09-24,2012.731,749.38
2012-09-21,2012.722,733.99
2012-09-20,2012.719,728.12
2012-09-19,2012.717,727.5
2012-09-18,2012.714,718.28
2012-09-17,2012.711,709.98
2012-09-14,2012.703,709.68
2012-09-13,2012.7,706.04
2012-09-12,2012.697,690.88
2012-09-11,2012.694,692.19
2012-09-10,2012.692,700.77
2012-09-07,2012.683,706.15
2012-09-06,2012.681,699.4
2012-09-05,2012.678,680.72
2012-09-04,2012.675,681.04
2012-08-31,2012.667,685.09
2012-08-30,2012.664,681.68
2012-08-29,2012.661,688.01
2012-08-28,2012.658,677.25
2012-08-27,2012.656,669.22
2012-08-24,2012.647,678.63
2012-08-23,2012.644,676.8
2012-08-22,2012.642,677.18
2012-08-21,2012.639,669.51
2012-08-20,2012.636,675.54
2012-08-17,2012.628,677.14
2012-08-16,2012.625,672.87
2012-08-15,2012.622,667.54
2012-08-14,2012.619,668.66
2012-08-13,2012.617,660.01
2012-08-10,2012.608,642
2012-08-09,2012.606,642.35
2012-08-08,2012.603,642.23
2012-08-07,2012.6,640.54
2012-08-06,2012.597,642.82
2012-08-03,2012.589,641.33
2012-08-02,2012.586,628.75
2012-08-01,2012.583,632.68
2012-07-31,2012.583,632.97
2012-07-30,2012.581,632.3
2012-07-27,2012.572,634.96
2012-07-26,2012.569,613.36
2012-07-25,2012.567,607.99
2012-07-24,2012.564,607.57
2012-07-23,2012.561,615.51
2012-07-20,2012.553,610.82
2012-07-19,2012.55,593.06
2012-07-18,2012.547,580.76
2012-07-17,2012.544,576.73
2012-07-16,2012.542,574.92
2012-07-13,2012.533,576.52
2012-07-12,2012.531,570.48
2012-07-11,2012.528,571.19
2012-07-10,2012.525,581.7
2012-07-09,2012.522,586.01
2012-07-06,2012.514,585.98
2012-07-05,2012.511,595.92
2012-07-03,2012.506,587.83
2012-07-02,2012.503,580.47
2012-06-29,2012.494,580.07
2012-06-28,2012.492,564.31
2012-06-27,2012.489,569.3
2012-06-26,2012.486,564.68
2012-06-25,2012.483,560.7
2012-06-22,2012.475,571.48
2012-06-21,2012.472,565.21
2012-06-20,2012.469,577.51
2012-06-19,2012.467,581.53
2012-06-18,2012.464,570.85
2012-06-15,2012.456,564.51
2012-06-14,2012.453,559.05
2012-06-13,2012.45,561.09
2012-06-12,2012.447,565.1
2012-06-11,2012.444,568.5
2012-06-08,2012.436,580.45
2012-06-07,2012.433,578.23
2012-06-06,2012.431,580.57
2012-06-05,2012.428,570.41
2012-06-04,2012.425,578.59
2012-06-01,2012.417,570.98
2012-05-31,2012.417,580.86
2012-05-30,2012.414,588.23
2012-05-29,2012.411,594.34
2012-05-25,2012.4,591.53
2012-05-24,2012.397,603.66
2012-05-23,2012.394,609.46
2012-05-22,2012.392,600.8
2012-05-21,2012.389,614.11
2012-05-18,2012.381,600.4
2012-05-17,2012.378,623.05
2012-05-16,2012.375,628.93
2012-05-15,2012.372,611.11
2012-05-14,2012.369,604
2012-05-11,2012.361,605.23
2012-05-10,2012.358,613.66
2012-05-09,2012.356,609.15
2012-05-08,2012.353,612.79
2012-05-07,2012.35,607.55
2012-05-04,2012.342,596.97
2012-05-03,2012.339,611.02
2012-05-02,2012.336,607.26
2012-05-01,2012.333,604.43
2012-04-30,2012.331,604.85
2012-04-27,2012.322,614.98
2012-04-26,2012.319,615.47
2012-04-25,2012.317,609.72
2012-04-24,2012.314,601.27
2012-04-23,2012.311,597.6
2012-04-20,2012.303,596.06
2012-04-19,2012.3,599.3
2012-04-18,2012.297,607.45
2012-04-17,2012.294,609.57
2012-04-16,2012.292,606.07
2012-04-13,2012.283,624.6
2012-04-12,2012.281,651.01
2012-04-11,2012.278,635.96
2012-04-10,2012.275,626.86
2012-04-09,2012.272,630.84
2012-04-05,2012.261,632.32
2012-04-04,2012.258,635.15
2012-04-03,2012.256,642.62
2012-04-02,2012.253,646.92
2012-03-30,2012.247,641.24
2012-03-29,2012.244,648.41
2012-03-28,2012.242,655.76
2012-03-27,2012.239,647.02
2012-03-26,2012.236,649.33
2012-03-23,2012.228,642.59
2012-03-22,2012.225,646.05
2012-03-21,2012.222,639.98
2012-03-20,2012.219,633.49
2012-03-19,2012.217,633.98
2012-03-16,2012.208,625.04
2012-03-15,2012.206,621.13
2012-03-14,2012.203,615.99
2012-03-13,2012.2,617.78
2012-03-12,2012.197,605.15
2012-03-09,2012.189,600.25
2012-03-08,2012.186,607.14
2012-03-07,2012.183,606.8
2012-03-06,2012.181,604.96
2012-03-05,2012.178,614.25
2012-03-02,2012.169,621.25
2012-03-01,2012.167,622.4
2012-02-29,2012.161,618.25
2012-02-28,2012.158,618.39
2012-02-27,2012.156,609.31
2012-02-24,2012.147,609.9
2012-02-23,2012.144,606.11
2012-02-22,2012.142,607.94
2012-02-21,2012.139,614
2012-02-17,2012.128,604.64
2012-02-16,2012.125,606.52
2012-02-15,2012.122,605.56
2012-02-14,2012.119,609.76
2012-02-13,2012.117,612.2
2012-02-10,2012.108,605.91
2012-02-09,2012.106,611.46
2012-02-08,2012.103,609.85
2012-02-07,2012.1,606.77
2012-02-06,2012.097,609.09
2012-02-03,2012.089,596.33
2012-02-02,2012.086,585.11
2012-02-01,2012.083,580.83
2012-01-31,2012.083,580.11
2012-01-30,2012.081,577.69
2012-01-27,2012.072,579.98
2012-01-26,2012.069,568.1
2012-01-25,2012.067,569.49
2012-01-24,2012.064,580.93
2012-01-23,2012.061,585.52
2012-01-20,2012.053,585.99
2012-01-19,2012.05,639.57
2012-01-18,2012.047,632.91
2012-01-17,2012.044,628.58
2012-01-13,2012.033,624.99
2012-01-12,2012.031,629.64
2012-01-11,2012.028,625.96
2012-01-10,2012.025,623.14
2012-01-09,2012.022,622.46
2012-01-06,2012.014,650.02
2012-01-05,2012.011,659.01
2012-01-04,2012.008,668.28
2012-01-03,2012.006,665.41
2011-12-30,2011.997,645.9
2011-12-29,2011.994,642.4
2011-12-28,2011.992,639.7
2011-12-27,2011.989,640.25
2011-12-23,2011.978,633.14
2011-12-22,2011.975,629.7
2011-12-21,2011.972,625.82
2011-12-20,2011.969,630.37
2011-12-19,2011.967,621.83
2011-12-16,2011.958,625.96
2011-12-15,2011.956,619.54
2011-12-14,2011.953,618.07
2011-12-13,2011.95,625.63
2011-12-12,2011.947,625.39
2011-12-09,2011.939,627.42
2011-12-08,2011.936,616.05
2011-12-07,2011.933,623.39
2011-12-06,2011.931,623.77
2011-12-05,2011.928,625.65
2011-12-02,2011.919,620.36
2011-12-01,2011.917,613.77
2011-11-30,2011.914,599.39
2011-11-29,2011.911,582.93
2011-11-28,2011.908,588.19
2011-11-25,2011.9,563
2011-11-23,2011.894,570.11
2011-11-22,2011.892,580
2011-11-21,2011.889,580.94
2011-11-18,2011.881,594.88
2011-11-17,2011.878,600.87
2011-11-16,2011.875,611.47
2011-11-15,2011.872,616.56
2011-11-14,2011.869,613
2011-11-11,2011.861,608.35
2011-11-10,2011.858,595.08
2011-11-09,2011.856,600.95
2011-11-08,2011.853,612.34
2011-11-07,2011.85,608.33
2011-11-04,2011.842,596.14
2011-11-03,2011.839,597.5
2011-11-02,2011.836,584.82
2011-11-01,2011.833,578.65
2011-10-31,2011.833,592.64
2011-10-28,2011.825,600.14
2011-10-27,2011.822,598.67
2011-10-26,2011.819,586.31
2011-10-25,2011.817,583.16
2011-10-24,2011.814,596.42
2011-10-21,2011.806,590.49
2011-10-20,2011.803,583.67
2011-10-19,2011.8,580.7
2011-10-18,2011.797,590.51
2011-10-17,2011.794,582.41
2011-10-14,2011.786,591.68
2011-10-13,2011.783,558.99
2011-10-12,2011.781,548.5
2011-10-11,2011.778,543.18
2011-10-10,2011.775,537.17
2011-10-07,2011.767,515.12
2011-10-06,2011.764,514.71
2011-10-05,2011.761,504.7
2011-10-04,2011.758,501.9
2011-10-03,2011.756,495.52
2011-09-30,2011.747,515.04
2011-09-29,2011.744,527.5
2011-09-28,2011.742,528.84
2011-09-27,2011.739,539.34
2011-09-26,2011.736,531.89
2011-09-23,2011.728,525.51
2011-09-22,2011.725,520.66
2011-09-21,2011.722,539.2
2011-09-20,2011.719,546.63
2011-09-19,2011.717,546.67
2011-09-16,2011.708,546.68
2011-09-15,2011.706,542.56
2011-09-14,2011.703,532.07
2011-09-13,2011.7,529.52
2011-09-12,2011.697,530.12
2011-09-09,2011.689,524.85
2011-09-08,2011.686,534.96
2011-09-07,2011.683,534.03
2011-09-06,2011.681,522.18
2011-09-02,2011.669,524.84
2011-09-01,2011.667,532.5
2011-08-31,2011.667,540.96
2011-08-30,2011.664,540.7
2011-08-29,2011.661,539.08
2011-08-26,2011.653,526.86
2011-08-25,2011.65,520.04
2011-08-24,2011.647,523.29
2011-08-23,2011.644,518.82
2011-08-22,2011.642,498.17
2011-08-19,2011.633,490.92
2011-08-18,2011.631,504.88
2011-08-17,2011.628,533.15
2011-08-16,2011.625,539
2011-08-15,2011.622,557.23
2011-08-12,2011.614,563.77
2011-08-11,2011.611,562.13
2011-08-10,2011.608,549.01
2011-08-09,2011.606,573.41
2011-08-08,2011.603,546.02
2011-08-05,2011.594,579.04
2011-08-04,2011.592,577.52
2011-08-03,2011.589,601.17
2011-08-02,2011.586,592.4
2011-08-01,2011.583,606.77
2011-07-29,2011.578,603.69
2011-07-28,2011.575,610.94
2011-07-27,2011.572,607.22
2011-07-26,2011.569,622.52
2011-07-25,2011.567,618.98
2011-07-22,2011.558,618.23
2011-07-21,2011.556,606.99
2011-07-20,2011.553,595.35
2011-07-19,2011.55,602.55
2011-07-18,2011.547,594.94
2011-07-15,2011.539,597.62
2011-07-14,2011.536,528.94
2011-07-13,2011.533,538.26
2011-07-12,2011.531,534.01
2011-07-11,2011.528,527.28
2011-07-08,2011.519,531.99
2011-07-07,2011.517,546.6
2011-07-06,2011.514,535.36
2011-07-05,2011.511,532.44
2011-07-01,2011.5,521.03
2011-06-30,2011.497,506.38
2011-06-29,2011.494,497.57
2011-06-28,2011.492,493.65
2011-06-27,2011.489,482.8
2011-06-24,2011.481,474.88
2011-06-23,2011.478,480.22
2011-06-22,2011.475,487.01
2011-06-21,2011.472,493
2011-06-20,2011.469,484.58
2011-06-17,2011.461,485.02
2011-06-16,2011.458,500.37
2011-06-15,2011.456,502.95
2011-06-14,2011.453,508.37
2011-06-13,2011.45,504.73
2011-06-10,2011.442,509.51
2011-06-09,2011.439,516.73
2011-06-08,2011.436,519.17
2011-06-07,2011.433,519.03
2011-06-06,2011.431,521.06
2011-06-03,2011.422,523.08
2011-06-02,2011.419,528.06
2011-06-01,2011.417,525.6
2011-05-31,2011.417,529.02
2011-05-27,2011.406,520.9
2011-05-26,2011.403,518.13
2011-05-25,2011.4,519.67
2011-05-24,2011.397,518.26
2011-05-23,2011.394,518.39
2011-05-20,2011.386,524.03
2011-05-19,2011.383,531.25
2011-05-18,2011.381,529.81
2011-05-17,2011.378,530.46
2011-05-16,2011.375,518.42
2011-05-13,2011.367,529.55
2011-05-12,2011.364,535.05
2011-05-11,2011.361,535.45
2011-05-10,2011.358,542.66
2011-05-09,2011.356,537.68
2011-05-06,2011.347,535.3
2011-05-05,2011.344,534.27
2011-05-04,2011.342,535.79
2011-05-03,2011.339,533.89
2011-05-02,2011.336,538.56
2011-04-29,2011.328,544.1
2011-04-28,2011.325,537.97
2011-04-27,2011.322,537.76
2011-04-26,2011.319,532.82
2011-04-25,2011.317,525.05
2011-04-21,2011.306,525.1
2011-04-20,2011.303,525.73
2011-04-19,2011.3,521.53
2011-04-18,2011.297,526.84
2011-04-15,2011.289,530.7
2011-04-14,2011.286,578.51
2011-04-13,2011.283,576.28
2011-04-12,2011.281,570.61
2011-04-11,2011.278,577.37
2011-04-08,2011.269,578.16
2011-04-07,2011.267,580
2011-04-06,2011.264,574.18
2011-04-05,2011.261,569.09
2011-04-04,2011.258,587.68
2011-04-01,2011.25,591.8
2011-03-31,2011.25,586.76
2011-03-30,2011.247,581.84
2011-03-29,2011.244,581.73
2011-03-28,2011.242,575.36
2011-03-25,2011.233,579.74
2011-03-24,2011.231,586.89
2011-03-23,2011.228,582.16
2011-03-22,2011.225,577.32
2011-03-21,2011.222,576.5
2011-03-18,2011.214,561.06
2011-03-17,2011.211,561.36
2011-03-16,2011.208,557.1
2011-03-15,2011.206,569.56
2011-03-14,2011.203,569.99
2011-03-11,2011.194,576.71
2011-03-10,2011.192,580.3
2011-03-09,2011.189,591.77
2011-03-08,2011.186,592.31
2011-03-07,2011.183,591.66
2011-03-04,2011.175,600.62
2011-03-03,2011.172,609.56
2011-03-02,2011.169,600.79
2011-03-01,2011.167,600.76
2011-02-28,2011.158,613.4
2011-02-25,2011.15,610.04
2011-02-24,2011.147,608.82
2011-02-23,2011.144,611.32
2011-02-22,2011.142,610.21
2011-02-18,2011.131,630.08
2011-02-17,2011.128,625.26
2011-02-16,2011.125,624.22
2011-02-15,2011.122,624.15
2011-02-14,2011.119,628.15
2011-02-11,2011.111,624.5
2011-02-10,2011.108,616.44
2011-02-09,2011.106,616.5
2011-02-08,2011.103,618.38
2011-02-07,2011.1,614.29
2011-02-04,2011.092,610.98
2011-02-03,2011.089,610.15
2011-02-02,2011.086,612
2011-02-01,2011.083,611.04
2011-01-31,2011.083,600.36
2011-01-28,2011.075,600.99
2011-01-27,2011.072,616.79
2011-01-26,2011.069,616.5
2011-01-25,2011.067,619.91
2011-01-24,2011.064,611.08
2011-01-21,2011.056,611.83
2011-01-20,2011.053,626.77
2011-01-19,2011.05,631.75
2011-01-18,2011.047,639.63
2011-01-14,2011.036,624.18
2011-01-13,2011.033,616.69
2011-01-12,2011.031,616.87
2011-01-11,2011.028,616.01
2011-01-10,2011.025,614.21
2011-01-07,2011.017,616.44
2011-01-06,2011.014,613.5
2011-01-05,2011.011,609.07
2011-01-04,2011.008,602.12
2011-01-03,2011.006,604.35
2010-12-31,2011,593.97
2010-12-30,2010.997,598.86
2010-12-29,2010.994,601
2010-12-28,2010.992,598.92
2010-12-27,2010.989,602.38
2010-12-23,2010.978,604.23
2010-12-22,2010.975,605.49
2010-12-21,2010.972,603.07
2010-12-20,2010.969,595.06
2010-12-17,2010.961,590.8
2010-12-16,2010.958,591.71
2010-12-15,2010.956,590.3
2010-12-14,2010.953,594.91
2010-12-13,2010.95,594.62
2010-12-10,2010.942,592.21
2010-12-09,2010.939,591.5
2010-12-08,2010.936,590.54
2010-12-07,2010.933,587.14
2010-12-06,2010.931,578.36
2010-12-03,2010.922,573
2010-12-02,2010.919,571.82
2010-12-01,2010.917,564.35
2010-11-30,2010.914,555.71
2010-11-29,2010.911,582.11
2010-11-26,2010.903,590
2010-11-24,2010.897,594.97
2010-11-23,2010.894,583.01
2010-11-22,2010.892,591.22
2010-11-19,2010.883,590.83
2010-11-18,2010.881,596.56
2010-11-17,2010.878,583.55
2010-11-16,2010.875,583.72
2010-11-15,2010.872,595.47
2010-11-12,2010.864,603.29
2010-11-11,2010.861,617.19
2010-11-10,2010.858,622.88
2010-11-09,2010.856,624.82
2010-11-08,2010.853,626.77
2010-11-05,2010.844,625.08
2010-11-04,2010.842,624.27
2010-11-03,2010.839,620.18
2010-11-02,2010.836,615.6
2010-11-01,2010.833,615
2010-10-29,2010.828,613.7
2010-10-28,2010.825,618.58
2010-10-27,2010.822,616.47
2010-10-26,2010.819,618.6
2010-10-25,2010.817,616.5
2010-10-22,2010.808,612.53
2010-10-21,2010.806,611.99
2010-10-20,2010.803,607.98
2010-10-19,2010.8,607.83
2010-10-18,2010.797,617.71
2010-10-15,2010.789,601.45
2010-10-14,2010.786,540.93
2010-10-13,2010.783,543.3
2010-10-12,2010.781,541.39
2010-10-11,2010.778,538.84
2010-10-08,2010.769,536.35
2010-10-07,2010.767,530.01
2010-10-06,2010.764,534.35
2010-10-05,2010.761,538.23
2010-10-04,2010.758,522.35
2010-10-01,2010.75,525.62
2010-09-30,2010.747,525.79
2010-09-29,2010.744,527.69
2010-09-28,2010.742,527.17
2010-09-27,2010.739,530.41
2010-09-24,2010.731,527.29
2010-09-23,2010.728,513.48
2010-09-22,2010.725,516
2010-09-21,2010.722,513.46
2010-09-20,2010.719,508.28
2010-09-17,2010.711,490.15
2010-09-16,2010.708,481.06
2010-09-15,2010.706,480.64
2010-09-14,2010.703,480.43
2010-09-13,2010.7,482.27
2010-09-10,2010.692,476.14
2010-09-09,2010.689,476.18
2010-09-08,2010.686,470.58
2010-09-07,2010.683,464.4
2010-09-03,2010.672,470.3
2010-09-02,2010.669,463.18
2010-09-01,2010.667,460.33
2010-08-31,2010.667,450.02
2010-08-30,2010.664,452.69
2010-08-27,2010.656,458.83
2010-08-26,2010.653,450.98
2010-08-25,2010.65,454.62
2010-08-24,2010.647,451.39
2010-08-23,2010.644,464.07
2010-08-20,2010.636,462.02
2010-08-19,2010.633,467.97
2010-08-18,2010.631,482.15
2010-08-17,2010.628,490.52
2010-08-16,2010.625,485.59
2010-08-13,2010.617,486.35
2010-08-12,2010.614,492.01
2010-08-11,2010.611,491.74
2010-08-10,2010.608,503.71
2010-08-09,2010.606,505.35
2010-08-06,2010.597,500.22
2010-08-05,2010.594,508.1
2010-08-04,2010.592,506.32
2010-08-03,2010.589,489.83
2010-08-02,2010.586,490.41
2010-07-30,2010.581,484.85
2010-07-29,2010.578,484.99
2010-07-28,2010.575,484.35
2010-07-27,2010.572,492.63
2010-07-26,2010.569,488.97
2010-07-23,2010.561,490.06
2010-07-22,2010.558,484.81
2010-07-21,2010.556,477.5
2010-07-20,2010.553,481.59
2010-07-19,2010.55,466.18
2010-07-16,2010.542,459.61
2010-07-15,2010.539,494.02
2010-07-14,2010.536,491.34
2010-07-13,2010.533,489.2
2010-07-12,2010.531,475.83
2010-07-09,2010.522,467.49
2010-07-08,2010.519,456.56
2010-07-07,2010.517,450.2
2010-07-06,2010.514,436.07
2010-07-02,2010.503,436.55
2010-07-01,2010.5,439.49
2010-06-30,2010.497,444.95
2010-06-29,2010.494,454.26
2010-06-28,2010.492,472.08
2010-06-25,2010.483,472.68
2010-06-24,2010.481,475.1
2010-06-23,2010.478,482.05
2010-06-22,2010.475,486.25
2010-06-21,2010.472,488.56
2010-06-18,2010.464,500.03
2010-06-17,2010.461,500.08
2010-06-16,2010.458,501.27
2010-06-15,2010.456,497.99
2010-06-14,2010.453,483.19
2010-06-11,2010.444,488.5
2010-06-10,2010.442,487.01
2010-06-09,2010.439,474.02
2010-06-08,2010.436,484.78
2010-06-07,2010.433,485.52
2010-06-04,2010.425,498.72
2010-06-03,2010.422,505.6
2010-06-02,2010.419,493.37
2010-06-01,2010.417,482.37
2010-05-28,2010.408,485.63
2010-05-27,2010.406,490.46
2010-05-26,2010.403,475.47
2010-05-25,2010.4,477.07
2010-05-24,2010.397,477.16
2010-05-21,2010.389,472.05
2010-05-20,2010.386,475.01
2010-05-19,2010.383,494.43
2010-05-18,2010.381,498.37
2010-05-17,2010.378,507.97
2010-05-14,2010.369,507.53
2010-05-13,2010.367,510.88
2010-05-12,2010.364,505.39
2010-05-11,2010.361,509.05
2010-05-10,2010.358,521.65
2010-05-07,2010.35,493.14
2010-05-06,2010.347,498.67
2010-05-05,2010.344,509.76
2010-05-04,2010.342,506.37
2010-05-03,2010.339,530.6
2010-04-30,2010.331,525.7
2010-04-29,2010.328,532
2010-04-28,2010.325,529.19
2010-04-27,2010.322,529.06
2010-04-26,2010.319,531.64
2010-04-23,2010.311,544.99
2010-04-22,2010.308,547.06
2010-04-21,2010.306,554.3
2010-04-20,2010.303,555.04
2010-04-19,2010.3,550.1
2010-04-16,2010.292,550.15
2010-04-15,2010.289,595.3
2010-04-14,2010.286,589
2010-04-13,2010.283,586.77
2010-04-12,2010.281,572.73
2010-04-09,2010.272,566.22
2010-04-08,2010.269,567.49
2010-04-07,2010.267,563.54
2010-04-06,2010.264,568.22
2010-04-05,2010.261,571.01
2010-04-01,2010.25,568.8
2010-03-31,2010.25,567.12
2010-03-30,2010.247,566.71
2010-03-29,2010.244,562.45
2010-03-26,2010.236,562.69
2010-03-25,2010.233,562.88
2010-03-24,2010.231,557.33
2010-03-23,2010.228,549
2010-03-22,2010.225,557.5
2010-03-19,2010.217,560
2010-03-18,2010.214,566.4
2010-03-17,2010.211,565.56
2010-03-16,2010.208,565.2
2010-03-15,2010.206,563.18
2010-03-12,2010.197,579.54
2010-03-11,2010.194,581.14
2010-03-10,2010.192,576.45
2010-03-09,2010.189,560.19
2010-03-08,2010.186,562.48
2010-03-05,2010.178,564.21
2010-03-04,2010.175,554.59
2010-03-03,2010.172,545.32
2010-03-02,2010.169,541.06
2010-03-01,2010.167,532.69
2010-02-26,2010.153,526.8
2010-02-25,2010.15,526.43
2010-02-24,2010.147,531.47
2010-02-23,2010.144,535.07
2010-02-22,2010.142,542.8
2010-02-19,2010.133,540.76
2010-02-18,2010.131,543.22
2010-02-17,2010.128,538.21
2010-02-16,2010.125,541.3
2010-02-12,2010.114,533.12
2010-02-11,2010.111,536.4
2010-02-10,2010.108,534.45
2010-02-09,2010.106,536.44
2010-02-08,2010.103,533.47
2010-02-05,2010.094,531.29
2010-02-04,2010.092,526.78
2010-02-03,2010.089,540.82
2010-02-02,2010.086,531.12
2010-02-01,2010.083,533.02
2010-01-29,2010.078,529.94
2010-01-28,2010.075,534.29
2010-01-27,2010.072,542.1
2010-01-26,2010.069,542.42
2010-01-25,2010.067,540
2010-01-22,2010.058,550.01
2010-01-21,2010.056,582.98
2010-01-20,2010.053,580.41
2010-01-19,2010.05,587.62
2010-01-15,2010.039,580
2010-01-14,2010.036,589.85
2010-01-13,2010.033,587.09
2010-01-12,2010.031,590.48
2010-01-11,2010.028,601.11
2010-01-08,2010.019,602.02
2010-01-07,2010.017,594.1
2010-01-06,2010.014,608.26
2010-01-05,2010.011,623.99
2010-01-04,2010.008,626.75
2009-12-31,2010,619.98
2009-12-30,2009.997,622.73
2009-12-29,2009.994,619.4
2009-12-28,2009.992,622.87
2009-12-24,2009.981,618.48
2009-12-23,2009.978,611.68
2009-12-22,2009.975,601.12
2009-12-21,2009.972,598.68
2009-12-18,2009.964,596.42
2009-12-17,2009.961,593.94
2009-12-16,2009.958,597.76
2009-12-15,2009.956,593.14
2009-12-14,2009.953,595.73
2009-12-11,2009.944,590.51
2009-12-10,2009.942,591.5
2009-12-09,2009.939,589.02
2009-12-08,2009.936,587.05
2009-12-07,2009.933,586.25
2009-12-04,2009.925,585.01
2009-12-03,2009.922,585.74
2009-12-02,2009.919,587.51
2009-12-01,2009.917,589.87
2009-11-30,2009.914,583
2009-11-27,2009.906,579.76
2009-11-25,2009.9,585.74
2009-11-24,2009.897,583.09
2009-11-23,2009.894,582.35
2009-11-20,2009.886,569.96
2009-11-19,2009.883,572.99
2009-11-18,2009.881,576.65
2009-11-17,2009.878,577.49
2009-11-16,2009.875,576.28
2009-11-13,2009.867,572.05
2009-11-12,2009.864,567.85
2009-11-11,2009.861,570.56
2009-11-10,2009.858,566.76
2009-11-09,2009.856,562.51
2009-11-06,2009.847,551.1
2009-11-05,2009.844,548.65
2009-11-04,2009.842,540.33
2009-11-03,2009.839,537.29
2009-11-02,2009.836,533.99
2009-10-30,2009.831,536.12
2009-10-29,2009.828,551.05
2009-10-28,2009.825,540.3
2009-10-27,2009.822,548.29
2009-10-26,2009.819,554.21
2009-10-23,2009.811,553.69
2009-10-22,2009.808,554.09
2009-10-21,2009.806,551.1
2009-10-20,2009.803,551.72
2009-10-19,2009.8,552.09
2009-10-16,2009.792,549.85
2009-10-15,2009.789,529.91
2009-10-14,2009.786,535.32
2009-10-13,2009.783,526.11
2009-10-12,2009.781,524.04
2009-10-09,2009.772,516.25
2009-10-08,2009.769,514.18
2009-10-07,2009.767,517.54
2009-10-06,2009.764,498.74
2009-10-05,2009.761,488.52
2009-10-02,2009.753,484.58
2009-10-01,2009.75,487.2
2009-09-30,2009.747,495.85
2009-09-29,2009.744,498.53
2009-09-28,2009.742,498.53
2009-09-25,2009.733,492.48
2009-09-24,2009.731,496.77
2009-09-23,2009.728,498.46
2009-09-22,2009.725,499.06
2009-09-21,2009.722,497
2009-09-18,2009.714,491.46
2009-09-17,2009.711,491.72
2009-09-16,2009.708,488.29
2009-09-15,2009.706,477.54
2009-09-14,2009.703,475.12
2009-09-11,2009.694,472.14
2009-09-10,2009.692,470.94
2009-09-09,2009.689,463.97
2009-09-08,2009.686,458.62
2009-09-04,2009.675,461.3
2009-09-03,2009.672,457.52
2009-09-02,2009.669,453.01
2009-09-01,2009.667,455.76
2009-08-31,2009.667,461.67
2009-08-28,2009.658,464.75
2009-08-27,2009.656,466.06
2009-08-26,2009.653,468
2009-08-25,2009.65,471.37
2009-08-24,2009.647,468.73
2009-08-21,2009.639,465.24
2009-08-20,2009.636,460.41
2009-08-19,2009.633,443.97
2009-08-18,2009.631,445.28
2009-08-17,2009.628,444.89
2009-08-14,2009.619,460
2009-08-13,2009.617,462.28
2009-08-12,2009.614,458.58
2009-08-11,2009.611,453.94
2009-08-10,2009.608,456.61
2009-08-07,2009.6,457.1
2009-08-06,2009.597,450.36
2009-08-05,2009.594,451.14
2009-08-04,2009.592,453.73
2009-08-03,2009.589,452.21
2009-07-31,2009.583,443.05
2009-07-30,2009.581,445.64
2009-07-29,2009.578,436.24
2009-07-28,2009.575,439.85
2009-07-27,2009.572,444.8
2009-07-24,2009.564,446.72
2009-07-23,2009.561,437.34
2009-07-22,2009.558,427.69
2009-07-21,2009.556,427.9
2009-07-20,2009.553,430.17
2009-07-17,2009.544,430.25
2009-07-16,2009.542,442.6
2009-07-15,2009.539,438.17
2009-07-14,2009.536,424.69
2009-07-13,2009.533,424.3
2009-07-10,2009.525,414.4
2009-07-09,2009.522,410.39
2009-07-08,2009.519,402.49
2009-07-07,2009.517,396.63
2009-07-06,2009.514,409.61
2009-07-02,2009.503,408.49
2009-07-01,2009.5,418.99
2009-06-30,2009.497,421.59
2009-06-29,2009.494,424.14
2009-06-26,2009.486,425.32
2009-06-25,2009.483,415.77
2009-06-24,2009.481,409.29
2009-06-23,2009.478,405.68
2009-06-22,2009.475,407.35
2009-06-19,2009.467,420.09
2009-06-18,2009.464,414.06
2009-06-17,2009.461,415.16
2009-06-16,2009.458,416
2009-06-15,2009.456,416.77
2009-06-12,2009.447,424.84
2009-06-11,2009.444,429
2009-06-10,2009.442,432.6
2009-06-09,2009.439,435.62
2009-06-08,2009.436,438.77
2009-06-05,2009.428,444.32
2009-06-04,2009.425,440.28
2009-06-03,2009.422,431.65
2009-06-02,2009.419,428.4
2009-06-01,2009.417,426.56
2009-05-29,2009.411,417.23
2009-05-28,2009.408,410.4
2009-05-27,2009.406,405.56
2009-05-26,2009.403,404.36
2009-05-22,2009.392,393.5
2009-05-21,2009.389,396.5
2009-05-20,2009.386,397.18
2009-05-19,2009.383,398.88
2009-05-18,2009.381,396.84
2009-05-15,2009.372,390
2009-05-14,2009.369,387.5
2009-05-13,2009.367,389.54
2009-05-12,2009.364,399.01
2009-05-11,2009.361,407.98
2009-05-08,2009.353,407.33
2009-05-07,2009.35,396.61
2009-05-06,2009.347,403.47
2009-05-05,2009.344,402.99
2009-05-04,2009.342,401.98
2009-05-01,2009.333,393.69
2009-04-30,2009.331,395.97
2009-04-29,2009.328,391.47
2009-04-28,2009.325,383.71
2009-04-27,2009.322,385.95
2009-04-24,2009.314,389.49
2009-04-23,2009.311,384.69
2009-04-22,2009.308,383.86
2009-04-21,2009.306,381.47
2009-04-20,2009.303,379.3
2009-04-17,2009.294,392.24
2009-04-16,2009.292,388.74
2009-04-15,2009.289,379.5
2009-04-14,2009.286,368.91
2009-04-13,2009.283,378.11
2009-04-09,2009.272,372.5
2009-04-08,2009.269,362
2009-04-07,2009.267,358.65
2009-04-06,2009.264,368.24
2009-04-03,2009.256,369.78
2009-04-02,2009.253,362.5
2009-04-01,2009.25,354.09
2009-03-31,2009.25,348.06
2009-03-30,2009.247,342.69
2009-03-27,2009.239,347.7
2009-03-26,2009.236,353.29
2009-03-25,2009.233,344.07
2009-03-24,2009.231,347.17
2009-03-23,2009.228,348.6
2009-03-20,2009.219,330.16
2009-03-19,2009.217,329.94
2009-03-18,2009.214,333.1
2009-03-17,2009.211,335.34
2009-03-16,2009.208,319.69
2009-03-13,2009.2,324.42
2009-03-12,2009.197,323.53
2009-03-11,2009.194,317.91
2009-03-10,2009.192,308.17
2009-03-09,2009.189,290.89
2009-03-06,2009.181,308.57
2009-03-05,2009.178,305.64
2009-03-04,2009.175,318.92
2009-03-03,2009.172,325.48
2009-03-02,2009.169,327.16
2009-02-27,2009.156,337.99
2009-02-26,2009.153,337.18
2009-02-25,2009.15,341.64
2009-02-24,2009.147,345.45
2009-02-23,2009.144,330.06
2009-02-20,2009.136,346.45
2009-02-19,2009.133,342.64
2009-02-18,2009.131,353.11
2009-02-17,2009.128,342.66
2009-02-13,2009.117,357.68
2009-02-12,2009.114,363.05
2009-02-11,2009.111,358.04
2009-02-10,2009.108,358.51
2009-02-09,2009.106,378.77
2009-02-06,2009.097,371.28
2009-02-05,2009.094,353.72
2009-02-04,2009.092,343
2009-02-03,2009.089,340.45
2009-02-02,2009.086,340.57
2009-01-30,2009.081,338.53
2009-01-29,2009.078,343.32
2009-01-28,2009.075,348.67
2009-01-27,2009.072,331.48
2009-01-26,2009.069,323.87
2009-01-23,2009.061,324.7
2009-01-22,2009.058,306.5
2009-01-21,2009.056,303.08
2009-01-20,2009.053,282.75
2009-01-16,2009.042,299.67
2009-01-15,2009.039,298.99
2009-01-14,2009.036,300.97
2009-01-13,2009.033,314.32
2009-01-12,2009.031,312.69
2009-01-09,2009.022,315.07
2009-01-08,2009.019,325.19
2009-01-07,2009.017,322.01
2009-01-06,2009.014,334.06
2009-01-05,2009.011,328.05
2009-01-02,2009.003,321.32
2008-12-31,2009,307.65
2008-12-30,2008.997,303.11
2008-12-29,2008.994,297.42
2008-12-26,2008.986,300.36
2008-12-24,2008.981,302.95
2008-12-23,2008.978,298.02
2008-12-22,2008.975,297.11
2008-12-19,2008.967,310.17
2008-12-18,2008.964,310.28
2008-12-17,2008.961,315.24
2008-12-16,2008.958,325.28
2008-12-15,2008.956,310.67
2008-12-12,2008.947,315.76
2008-12-11,2008.944,300.22
2008-12-10,2008.942,308.82
2008-12-09,2008.939,305.97
2008-12-08,2008.936,302.11
2008-12-05,2008.928,283.99
2008-12-04,2008.925,274.34
2008-12-03,2008.922,279.43
2008-12-02,2008.919,275.11
2008-12-01,2008.917,265.99
2008-11-28,2008.908,292.96
2008-11-26,2008.903,292.09
2008-11-25,2008.9,282.05
2008-11-24,2008.897,257.44
2008-11-21,2008.889,262.43
2008-11-20,2008.886,259.56
2008-11-19,2008.883,280.18
2008-11-18,2008.881,297.42
2008-11-17,2008.878,300.12
2008-11-14,2008.869,310.02
2008-11-13,2008.867,312.08
2008-11-12,2008.864,291
2008-11-11,2008.861,311.46
2008-11-10,2008.858,318.78
2008-11-07,2008.85,331.14
2008-11-06,2008.847,331.22
2008-11-05,2008.844,342.24
2008-11-04,2008.842,366.94
2008-11-03,2008.839,346.49
2008-10-31,2008.833,359.36
2008-10-30,2008.831,359.69
2008-10-29,2008.828,358
2008-10-28,2008.825,368.75
2008-10-27,2008.822,329.49
2008-10-24,2008.814,339.29
2008-10-23,2008.811,352.32
2008-10-22,2008.808,355.67
2008-10-21,2008.806,362.75
2008-10-20,2008.803,379.32
2008-10-17,2008.794,372.54
2008-10-16,2008.792,353.02
2008-10-15,2008.789,339.17
2008-10-14,2008.786,362.71
2008-10-13,2008.783,381.02
2008-10-10,2008.775,332
2008-10-09,2008.772,328.98
2008-10-08,2008.769,338.11
2008-10-07,2008.767,346.01
2008-10-06,2008.764,371.21
2008-10-03,2008.756,386.91
2008-10-02,2008.753,390.49
2008-10-01,2008.75,411.72
2008-09-30,2008.747,400.52
2008-09-29,2008.744,381
2008-09-26,2008.736,431.04
2008-09-25,2008.733,439.6
2008-09-24,2008.731,435.11
2008-09-23,2008.728,429.27
2008-09-22,2008.725,430.14
2008-09-19,2008.717,449.15
2008-09-18,2008.714,439.08
2008-09-17,2008.711,414.49
2008-09-16,2008.708,442.93
2008-09-15,2008.706,433.86
2008-09-12,2008.697,437.66
2008-09-11,2008.694,433.75
2008-09-10,2008.692,414.16
2008-09-09,2008.689,418.66
2008-09-08,2008.686,419.95
2008-09-05,2008.678,444.25
2008-09-04,2008.675,450.26
2008-09-03,2008.672,464.41
2008-09-02,2008.669,465.25
2008-08-29,2008.661,463.29
2008-08-28,2008.658,473.78
2008-08-27,2008.656,468.58
2008-08-26,2008.653,474.16
2008-08-25,2008.65,483.01
2008-08-22,2008.642,490.59
2008-08-21,2008.639,486.53
2008-08-20,2008.636,485
2008-08-19,2008.633,490.5
2008-08-18,2008.631,498.3
2008-08-15,2008.622,510.15
2008-08-14,2008.619,505.49
2008-08-13,2008.617,500.03
2008-08-12,2008.614,502.61
2008-08-11,2008.611,500.84
2008-08-08,2008.603,495.01
2008-08-07,2008.6,479.12
2008-08-06,2008.597,486.34
2008-08-05,2008.594,479.85
2008-08-04,2008.592,463
2008-08-01,2008.583,467.86
2008-07-31,2008.583,473.75
2008-07-30,2008.581,482.7
2008-07-29,2008.578,483.11
2008-07-28,2008.575,477.12
2008-07-25,2008.567,491.98
2008-07-24,2008.564,475.62
2008-07-23,2008.561,489.22
2008-07-22,2008.558,477.11
2008-07-21,2008.556,468.8
2008-07-18,2008.547,481.32
2008-07-17,2008.544,533.44
2008-07-16,2008.542,535.6
2008-07-15,2008.539,516.09
2008-07-14,2008.536,521.62
2008-07-11,2008.528,533.8
2008-07-10,2008.525,540.57
2008-07-09,2008.522,541.55
2008-07-08,2008.519,554.53
2008-07-07,2008.517,543.91
2008-07-03,2008.506,537
2008-07-02,2008.503,527.04
2008-07-01,2008.5,534.73
2008-06-30,2008.497,526.42
2008-06-27,2008.489,528.07
2008-06-26,2008.486,528.82
2008-06-25,2008.483,551
2008-06-24,2008.481,542.3
2008-06-23,2008.478,545.21
2008-06-20,2008.469,546.43
2008-06-19,2008.467,560.2
2008-06-18,2008.464,562.38
2008-06-17,2008.461,569.46
2008-06-16,2008.458,572.81
2008-06-13,2008.45,571.51
2008-06-12,2008.447,552.95
2008-06-11,2008.444,545.2
2008-06-10,2008.442,554.17
2008-06-09,2008.439,557.87
2008-06-06,2008.431,567
2008-06-05,2008.428,586.3
2008-06-04,2008.425,572.22
2008-06-03,2008.422,567.3
2008-06-02,2008.419,575
2008-05-30,2008.414,585.8
2008-05-29,2008.411,583
2008-05-28,2008.408,568.24
2008-05-27,2008.406,560.9
2008-05-23,2008.394,544.62
2008-05-22,2008.392,549.46
2008-05-21,2008.389,549.99
2008-05-20,2008.386,578.6
2008-05-19,2008.383,577.52
2008-05-16,2008.375,580.07
2008-05-15,2008.372,581
2008-05-14,2008.369,576.3
2008-05-13,2008.367,583
2008-05-12,2008.364,584.94
2008-05-09,2008.356,573.2
2008-05-08,2008.353,583.01
2008-05-07,2008.35,579
2008-05-06,2008.347,586.36
2008-05-05,2008.344,594.9
2008-05-02,2008.336,581.29
2008-05-01,2008.333,593.08
2008-04-30,2008.331,574.29
2008-04-29,2008.328,558.47
2008-04-28,2008.325,552.12
2008-04-25,2008.317,544.06
2008-04-24,2008.314,543.04
2008-04-23,2008.311,546.49
2008-04-22,2008.308,555
2008-04-21,2008.306,537.79
2008-04-18,2008.297,539.41
2008-04-17,2008.294,449.54
2008-04-16,2008.292,455.03
2008-04-15,2008.289,446.84
2008-04-14,2008.286,451.66
2008-04-11,2008.278,457.45
2008-04-10,2008.275,469.08
2008-04-09,2008.272,464.19
2008-04-08,2008.269,467.81
2008-04-07,2008.267,476.82
2008-04-04,2008.258,471.09
2008-04-03,2008.256,455.12
2008-04-02,2008.253,465.7
2008-04-01,2008.25,465.71
2008-03-31,2008.25,440.47
2008-03-28,2008.242,438.08
2008-03-27,2008.239,444.08
2008-03-26,2008.236,458.19
2008-03-25,2008.233,450.78
2008-03-24,2008.231,460.56
2008-03-20,2008.219,433.55
2008-03-19,2008.217,432
2008-03-18,2008.214,439.16
2008-03-17,2008.211,419.87
2008-03-14,2008.203,437.92
2008-03-13,2008.2,443.01
2008-03-12,2008.197,440.18
2008-03-11,2008.194,439.84
2008-03-10,2008.192,413.62
2008-03-07,2008.183,433.35
2008-03-06,2008.181,432.7
2008-03-05,2008.178,447.7
2008-03-04,2008.175,444.6
2008-03-03,2008.172,457.02
2008-02-29,2008.161,471.18
2008-02-28,2008.158,475.39
2008-02-27,2008.156,472.86
2008-02-26,2008.153,464.19
2008-02-25,2008.15,486.44
2008-02-22,2008.142,507.8
2008-02-21,2008.139,502.86
2008-02-20,2008.136,509
2008-02-19,2008.133,508.95
2008-02-15,2008.122,529.64
2008-02-14,2008.119,532.25
2008-02-13,2008.117,534.62
2008-02-12,2008.114,518.09
2008-02-11,2008.111,521.16
2008-02-08,2008.103,516.69
2008-02-07,2008.1,504.95
2008-02-06,2008.097,501.71
2008-02-05,2008.094,506.8
2008-02-04,2008.092,495.43
2008-02-01,2008.083,515.9
2008-01-31,2008.083,564.3
2008-01-30,2008.081,548.27
2008-01-29,2008.078,550.52
2008-01-28,2008.075,555.98
2008-01-25,2008.067,566.4
2008-01-24,2008.064,574.49
2008-01-23,2008.061,548.62
2008-01-22,2008.058,584.35
2008-01-18,2008.047,600.25
2008-01-17,2008.044,600.79
2008-01-16,2008.042,615.95
2008-01-15,2008.039,637.65
2008-01-14,2008.036,653.82
2008-01-11,2008.028,638.25
2008-01-10,2008.025,646.73
2008-01-09,2008.022,653.2
2008-01-08,2008.019,631.68
2008-01-07,2008.017,649.25
2008-01-04,2008.008,657
2008-01-03,2008.006,685.33
2008-01-02,2008.003,685.19
2007-12-31,2008,691.48
2007-12-28,2007.992,702.53
2007-12-27,2007.989,700.74
2007-12-26,2007.986,710.84
2007-12-24,2007.981,700.73
2007-12-21,2007.972,696.69
2007-12-20,2007.969,689.69
2007-12-19,2007.967,677.37
2007-12-18,2007.964,673.35
2007-12-17,2007.961,669.23
2007-12-14,2007.953,689.96
2007-12-13,2007.95,694.05
2007-12-12,2007.947,699.35
2007-12-11,2007.944,699.2
2007-12-10,2007.942,718.42
2007-12-07,2007.933,714.87
2007-12-06,2007.931,715.26
2007-12-05,2007.928,698.51
2007-12-04,2007.925,684.16
2007-12-03,2007.922,681.53
2007-11-30,2007.914,693
2007-11-29,2007.911,697
2007-11-28,2007.908,692.26
2007-11-27,2007.906,673.57
2007-11-26,2007.903,666
2007-11-23,2007.894,676.7
2007-11-21,2007.889,660.52
2007-11-20,2007.886,648.54
2007-11-19,2007.883,625.85
2007-11-16,2007.875,633.63
2007-11-15,2007.872,629.65
2007-11-14,2007.869,641.68
2007-11-13,2007.867,660.55
2007-11-12,2007.864,632.07
2007-11-09,2007.856,663.97
2007-11-08,2007.853,693.84
2007-11-07,2007.85,732.94
2007-11-06,2007.847,741.79
2007-11-05,2007.844,725.65
2007-11-02,2007.836,711.25
2007-11-01,2007.833,703.21
2007-10-31,2007.833,707
2007-10-30,2007.831,694.77
2007-10-29,2007.828,679.23
2007-10-26,2007.819,674.6
2007-10-25,2007.817,668.51
2007-10-24,2007.814,675.82
2007-10-23,2007.811,675.77
2007-10-22,2007.808,650.75
2007-10-19,2007.8,644.71
2007-10-18,2007.797,639.62
2007-10-17,2007.794,633.48
2007-10-16,2007.792,616
2007-10-15,2007.789,620.11
2007-10-12,2007.781,637.39
2007-10-11,2007.778,622
2007-10-10,2007.775,625.39
2007-10-09,2007.772,615.18
2007-10-08,2007.769,609.62
2007-10-05,2007.761,594.05
2007-10-04,2007.758,579.03
2007-10-03,2007.756,584.02
2007-10-02,2007.753,584.39
2007-10-01,2007.75,582.55
2007-09-28,2007.742,567.27
2007-09-27,2007.739,567.5
2007-09-26,2007.736,568.16
2007-09-25,2007.733,569
2007-09-24,2007.731,568.02
2007-09-21,2007.722,560.1
2007-09-20,2007.719,552.83
2007-09-19,2007.717,546.85
2007-09-18,2007.714,535.27
2007-09-17,2007.711,525.3
2007-09-14,2007.703,528.75
2007-09-13,2007.7,524.78
2007-09-12,2007.697,522.65
2007-09-11,2007.694,521.33
2007-09-10,2007.692,514.48
2007-09-07,2007.683,519.35
2007-09-06,2007.681,523.52
2007-09-05,2007.678,527.8
2007-09-04,2007.675,525.15
2007-08-31,2007.667,515.25
2007-08-30,2007.664,511.4
2007-08-29,2007.661,512.88
2007-08-28,2007.658,506.4
2007-08-27,2007.656,513.26
2007-08-24,2007.647,515
2007-08-23,2007.644,512.19
2007-08-22,2007.642,512.75
2007-08-21,2007.639,506.61
2007-08-20,2007.636,497.92
2007-08-17,2007.628,500.04
2007-08-16,2007.625,491.52
2007-08-15,2007.622,497.55
2007-08-14,2007.619,508.6
2007-08-13,2007.617,515.5
2007-08-10,2007.608,515.75
2007-08-09,2007.606,514.73
2007-08-08,2007.603,525.78
2007-08-07,2007.6,516.02
2007-08-06,2007.597,510
2007-08-03,2007.589,503
2007-08-02,2007.586,511.01
2007-08-01,2007.583,512.94
2007-07-31,2007.583,510
2007-07-30,2007.581,516.11
2007-07-27,2007.572,511.89
2007-07-26,2007.569,508
2007-07-25,2007.567,509.76
2007-07-24,2007.564,514
2007-07-23,2007.561,512.51
2007-07-20,2007.553,520.12
2007-07-19,2007.55,548.59
2007-07-18,2007.547,549.5
2007-07-17,2007.544,555
2007-07-16,2007.542,552.99
2007-07-13,2007.533,552.16
2007-07-12,2007.531,545.33
2007-07-11,2007.528,544.47
2007-07-10,2007.525,543.34
2007-07-09,2007.522,542.56
2007-07-06,2007.514,539.4
2007-07-05,2007.511,541.63
2007-07-03,2007.506,534.34
2007-07-02,2007.503,530.38
2007-06-29,2007.494,522.7
2007-06-28,2007.492,525.01
2007-06-27,2007.489,526.29
2007-06-26,2007.486,530.26
2007-06-25,2007.483,527.42
2007-06-22,2007.475,524.98
2007-06-21,2007.472,514.11
2007-06-20,2007.469,509.97
2007-06-19,2007.467,514.31
2007-06-18,2007.464,515.2
2007-06-15,2007.456,505.89
2007-06-14,2007.453,502.84
2007-06-13,2007.45,505.24
2007-06-12,2007.447,504.77
2007-06-11,2007.444,511.34
2007-06-08,2007.436,515.49
2007-06-07,2007.433,515.06
2007-06-06,2007.431,518.25
2007-06-05,2007.428,518.84
2007-06-04,2007.425,507.07
2007-06-01,2007.417,500.4
2007-05-31,2007.417,497.91
2007-05-30,2007.414,498.6
2007-05-29,2007.411,487.11
2007-05-25,2007.4,483.52
2007-05-24,2007.397,474.33
2007-05-23,2007.394,473.97
2007-05-22,2007.392,475.86
2007-05-21,2007.389,470.6
2007-05-18,2007.381,470.32
2007-05-17,2007.378,470.96
2007-05-16,2007.375,472.61
2007-05-15,2007.372,458
2007-05-14,2007.369,461.78
2007-05-11,2007.361,466.74
2007-05-10,2007.358,461.47
2007-05-09,2007.356,469.25
2007-05-08,2007.353,466.81
2007-05-07,2007.35,467.27
2007-05-04,2007.342,471.12
2007-05-03,2007.339,473.23
2007-05-02,2007.336,465.78
2007-05-01,2007.333,469
2007-04-30,2007.331,471.38
2007-04-27,2007.322,479.01
2007-04-26,2007.319,481.18
2007-04-25,2007.317,477.99
2007-04-24,2007.314,477.53
2007-04-23,2007.311,479.08
2007-04-20,2007.303,482.48
2007-04-19,2007.3,471.65
2007-04-18,2007.297,476.01
2007-04-17,2007.294,472.8
2007-04-16,2007.292,474.27
2007-04-13,2007.283,466.29
2007-04-12,2007.281,467.39
2007-04-11,2007.278,464.53
2007-04-10,2007.275,466.5
2007-04-09,2007.272,468.21
2007-04-05,2007.261,471.51
2007-04-04,2007.258,471.02
2007-04-03,2007.256,472.6
2007-04-02,2007.253,458.53
2007-03-30,2007.247,458.16
2007-03-29,2007.244,460.92
2007-03-28,2007.242,461.88
2007-03-27,2007.239,463.62
2007-03-26,2007.236,465
2007-03-23,2007.228,461.83
2007-03-22,2007.225,462.04
2007-03-21,2007.222,456.55
2007-03-20,2007.219,445.28
2007-03-19,2007.217,447.23
2007-03-16,2007.208,440.85
2007-03-15,2007.206,446.19
2007-03-14,2007.203,448
2007-03-13,2007.2,443.03
2007-03-12,2007.197,454.75
2007-03-09,2007.189,452.96
2007-03-08,2007.186,454.72
2007-03-07,2007.183,455.64
2007-03-06,2007.181,457.55
2007-03-05,2007.178,440.95
2007-03-02,2007.169,438.68
2007-03-01,2007.167,448.23
2007-02-28,2007.158,449.45
2007-02-27,2007.156,448.77
2007-02-26,2007.153,464.93
2007-02-23,2007.144,470.62
2007-02-22,2007.142,475.85
2007-02-21,2007.139,475.86
2007-02-20,2007.136,472.1
2007-02-16,2007.125,469.94
2007-02-15,2007.122,461.47
2007-02-14,2007.119,465.93
2007-02-13,2007.117,459.1
2007-02-12,2007.114,458.29
2007-02-09,2007.106,461.89
2007-02-08,2007.103,471.03
2007-02-07,2007.1,470.01
2007-02-06,2007.097,471.48
2007-02-05,2007.094,467.16
2007-02-02,2007.086,481.5
2007-02-01,2007.083,481.75
2007-01-31,2007.083,501.5
2007-01-30,2007.081,494.32
2007-01-29,2007.078,492.47
2007-01-26,2007.069,495.84
2007-01-25,2007.067,488.09
2007-01-24,2007.064,499.07
2007-01-23,2007.061,479.05
2007-01-22,2007.058,480.84
2007-01-19,2007.05,489.75
2007-01-18,2007.047,487.83
2007-01-17,2007.044,497.28
2007-01-16,2007.042,504.28
2007-01-12,2007.031,505
2007-01-11,2007.028,499.72
2007-01-10,2007.025,489.46
2007-01-09,2007.022,485.5
2007-01-08,2007.019,483.58
2007-01-05,2007.011,487.19
2007-01-04,2007.008,483.26
2007-01-03,2007.006,467.59
2006-12-29,2006.994,460.48
2006-12-28,2006.992,462.56
2006-12-27,2006.989,468.03
2006-12-26,2006.986,457.53
2006-12-22,2006.975,455.58
2006-12-21,2006.972,456.2
2006-12-20,2006.969,462.9
2006-12-19,2006.967,468.63
2006-12-18,2006.964,462.8
2006-12-15,2006.956,480.3
2006-12-14,2006.953,482.12
2006-12-13,2006.95,478.99
2006-12-12,2006.947,481.78
2006-12-11,2006.944,483.93
2006-12-08,2006.936,484.11
2006-12-07,2006.933,482.64
2006-12-06,2006.931,488.71
2006-12-05,2006.928,487
2006-12-04,2006.925,484.85
2006-12-01,2006.917,480.8
2006-11-30,2006.914,484.81
2006-11-29,2006.911,484.65
2006-11-28,2006.908,489.5
2006-11-27,2006.906,484.75
2006-11-24,2006.897,505
2006-11-22,2006.892,508.01
2006-11-21,2006.889,509.65
2006-11-20,2006.886,495.05
2006-11-17,2006.878,498.79
2006-11-16,2006.875,495.9
2006-11-15,2006.872,491.93
2006-11-14,2006.869,489.3
2006-11-13,2006.867,481.03
2006-11-10,2006.858,473.55
2006-11-09,2006.856,472.63
2006-11-08,2006.853,475
2006-11-07,2006.85,472.57
2006-11-06,2006.847,476.95
2006-11-03,2006.839,471.8
2006-11-02,2006.836,469.91
2006-11-01,2006.833,467.5
2006-10-31,2006.833,476.39
2006-10-30,2006.831,476.57
2006-10-27,2006.822,475.2
2006-10-26,2006.819,485.1
2006-10-25,2006.817,486.6
2006-10-24,2006.814,473.31
2006-10-23,2006.811,480.78
2006-10-20,2006.803,459.67
2006-10-19,2006.8,426.06
2006-10-18,2006.797,419.31
2006-10-17,2006.794,420.64
2006-10-16,2006.792,421.75
2006-10-13,2006.783,427.3
2006-10-12,2006.781,427.44
2006-10-11,2006.778,426.5
2006-10-10,2006.775,426.65
2006-10-09,2006.772,429
2006-10-06,2006.764,420.5
2006-10-05,2006.761,411.81
2006-10-04,2006.758,415.7
2006-10-03,2006.756,404.04
2006-10-02,2006.753,401.44
2006-09-29,2006.744,401.9
2006-09-28,2006.742,403.58
2006-09-27,2006.739,402.92
2006-09-26,2006.736,406.87
2006-09-25,2006.733,403.98
2006-09-22,2006.725,403.78
2006-09-21,2006.722,406.85
2006-09-20,2006.719,397
2006-09-19,2006.717,403.81
2006-09-18,2006.714,414.69
2006-09-15,2006.706,409.88
2006-09-14,2006.703,403.98
2006-09-13,2006.7,406.57
2006-09-12,2006.697,391.9
2006-09-11,2006.694,384.09
2006-09-08,2006.686,377.85
2006-09-07,2006.683,378.49
2006-09-06,2006.681,380.14
2006-09-05,2006.678,384.36
2006-09-01,2006.667,378.6
2006-08-31,2006.667,378.53
2006-08-30,2006.664,380.75
2006-08-29,2006.661,378.95
2006-08-28,2006.658,380.95
2006-08-25,2006.65,373.26
2006-08-24,2006.647,373.73
2006-08-23,2006.644,373.43
2006-08-22,2006.642,378.29
2006-08-21,2006.639,377.3
2006-08-18,2006.631,383.36
2006-08-17,2006.628,385.8
2006-08-16,2006.625,387.72
2006-08-15,2006.622,380.97
2006-08-14,2006.619,369.43
2006-08-11,2006.611,368.5
2006-08-10,2006.608,374.2
2006-08-09,2006.606,376.94
2006-08-08,2006.603,381
2006-08-07,2006.6,377.95
2006-08-04,2006.592,373.85
2006-08-03,2006.589,375.39
2006-08-02,2006.586,367.23
2006-08-01,2006.583,375.51
2006-07-31,2006.583,386.6
2006-07-28,2006.575,388.12
2006-07-27,2006.572,382.4
2006-07-26,2006.569,385.5
2006-07-25,2006.567,389.36
2006-07-24,2006.564,390.9
2006-07-21,2006.556,390.11
2006-07-20,2006.553,387.12
2006-07-19,2006.55,399
2006-07-18,2006.547,403.05
2006-07-17,2006.544,407.89
2006-07-14,2006.536,403.5
2006-07-13,2006.533,408.83
2006-07-12,2006.531,417.25
2006-07-11,2006.528,424.56
2006-07-10,2006.525,418.2
2006-07-07,2006.517,420.45
2006-07-06,2006.514,423.19
2006-07-05,2006.511,421.46
2006-07-03,2006.506,423.2
2006-06-30,2006.497,419.33
2006-06-29,2006.494,417.81
2006-06-28,2006.492,406.11
2006-06-27,2006.489,402.32
2006-06-26,2006.486,404.22
2006-06-23,2006.478,404.86
2006-06-22,2006.475,399.95
2006-06-21,2006.472,402.13
2006-06-20,2006.469,387.17
2006-06-19,2006.467,388.14
2006-06-16,2006.458,390.7
2006-06-15,2006.456,391
2006-06-14,2006.453,384.39
2006-06-13,2006.45,386.52
2006-06-12,2006.447,381.54
2006-06-09,2006.439,386.57
2006-06-08,2006.436,393.3
2006-06-07,2006.433,386.51
2006-06-06,2006.431,389.99
2006-06-05,2006.428,374.44
2006-06-02,2006.419,379.44
2006-06-01,2006.417,382.62
2006-05-31,2006.417,371.82
2006-05-30,2006.414,371.94
2006-05-26,2006.403,381.35
2006-05-25,2006.4,382.99
2006-05-24,2006.397,381.25
2006-05-23,2006.394,375.58
2006-05-22,2006.392,370.95
2006-05-19,2006.383,370.02
2006-05-18,2006.381,370.99
2006-05-17,2006.378,374.5
2006-05-16,2006.375,371.3
2006-05-15,2006.372,376.2
2006-05-12,2006.364,374.13
2006-05-11,2006.361,387
2006-05-10,2006.358,402.98
2006-05-09,2006.356,408.8
2006-05-08,2006.353,394.78
2006-05-05,2006.344,394.3
2006-05-04,2006.342,394.75
2006-05-03,2006.339,394.17
2006-05-02,2006.336,394.8
2006-05-01,2006.333,398.9
2006-04-28,2006.325,417.94
2006-04-27,2006.322,420.03
2006-04-26,2006.319,425.97
2006-04-25,2006.317,427.16
2006-04-24,2006.314,440.5
2006-04-21,2006.306,437.1
2006-04-20,2006.303,415
2006-04-19,2006.3,410.5
2006-04-18,2006.297,404.24
2006-04-17,2006.294,406.82
2006-04-13,2006.283,402.16
2006-04-12,2006.281,408.95
2006-04-11,2006.278,409.66
2006-04-10,2006.275,416.38
2006-04-07,2006.267,406.16
2006-04-06,2006.264,411.18
2006-04-05,2006.261,407.99
2006-04-04,2006.258,404.34
2006-04-03,2006.256,389.7
2006-03-31,2006.25,390
2006-03-30,2006.247,388.44
2006-03-29,2006.244,394.98
2006-03-28,2006.242,377.2
2006-03-27,2006.239,369.69
2006-03-24,2006.231,365.8
2006-03-23,2006.228,341.89
2006-03-22,2006.225,340.22
2006-03-21,2006.222,339.92
2006-03-20,2006.219,348.19
2006-03-17,2006.211,339.79
2006-03-16,2006.208,338.77
2006-03-15,2006.206,344.5
2006-03-14,2006.203,351.16
2006-03-13,2006.2,337.06
2006-03-10,2006.192,337.5
2006-03-09,2006.189,343
2006-03-08,2006.186,353.88
2006-03-07,2006.183,364.45
2006-03-06,2006.181,368.1
2006-03-03,2006.172,378.18
2006-03-02,2006.169,376.45
2006-03-01,2006.167,364.8
2006-02-28,2006.158,362.62
2006-02-27,2006.156,390.38
2006-02-24,2006.147,377.4
2006-02-23,2006.144,378.07
2006-02-22,2006.142,365.49
2006-02-21,2006.139,366.59
2006-02-17,2006.128,368.75
2006-02-16,2006.125,366.46
2006-02-15,2006.122,342.38
2006-02-14,2006.119,343.32
2006-02-13,2006.117,345.7
2006-02-10,2006.108,362.61
2006-02-09,2006.106,358.77
2006-02-08,2006.103,369.08
2006-02-07,2006.1,367.92
2006-02-06,2006.097,385.1
2006-02-03,2006.089,381.55
2006-02-02,2006.086,396.04
2006-02-01,2006.083,401.78
2006-01-31,2006.083,432.66
2006-01-30,2006.081,426.82
2006-01-27,2006.072,433.49
2006-01-26,2006.069,434.27
2006-01-25,2006.067,433
2006-01-24,2006.064,443.03
2006-01-23,2006.061,427.5
2006-01-20,2006.053,399.46
2006-01-19,2006.05,436.45
2006-01-18,2006.047,444.91
2006-01-17,2006.044,467.11
2006-01-13,2006.033,466.25
2006-01-12,2006.031,463.63
2006-01-11,2006.028,471.63
2006-01-10,2006.025,469.76
2006-01-09,2006.022,466.9
2006-01-06,2006.014,465.66
2006-01-05,2006.011,451.24
2006-01-04,2006.008,445.24
2006-01-03,2006.006,435.23
2005-12-30,2005.997,414.86
2005-12-29,2005.994,420.15
2005-12-28,2005.992,426.69
2005-12-27,2005.989,424.64
2005-12-23,2005.978,430.93
2005-12-22,2005.975,432.04
2005-12-21,2005.972,426.33
2005-12-20,2005.969,429.74
2005-12-19,2005.967,424.6
2005-12-16,2005.958,430.15
2005-12-15,2005.956,422.55
2005-12-14,2005.953,418.96
2005-12-13,2005.95,417.49
2005-12-12,2005.947,412.61
2005-12-09,2005.939,409.2
2005-12-08,2005.936,410.65
2005-12-07,2005.933,404.22
2005-12-06,2005.931,404.54
2005-12-05,2005.928,405.85
2005-12-02,2005.919,417.7
2005-12-01,2005.917,414.09
2005-11-30,2005.914,404.91
2005-11-29,2005.911,403.54
2005-11-28,2005.908,423.48
2005-11-25,2005.9,428.62
2005-11-23,2005.894,422.86
2005-11-22,2005.892,416.47
2005-11-21,2005.889,409.36
2005-11-18,2005.881,400.21
2005-11-17,2005.878,403.45
2005-11-16,2005.875,398.15
2005-11-15,2005.872,392.8
2005-11-14,2005.869,396.97
2005-11-11,2005.861,390.4
2005-11-10,2005.858,391.1
2005-11-09,2005.856,379.15
2005-11-08,2005.853,389.9
2005-11-07,2005.85,395.03
2005-11-04,2005.842,390.43
2005-11-03,2005.839,385.95
2005-11-02,2005.836,379.68
2005-11-01,2005.833,379.38
2005-10-31,2005.833,372.14
2005-10-28,2005.825,358.17
2005-10-27,2005.822,353.06
2005-10-26,2005.819,355.44
2005-10-25,2005.817,346.91
2005-10-24,2005.814,348.65
2005-10-21,2005.806,339.9
2005-10-20,2005.803,303.2
2005-10-19,2005.8,308.7
2005-10-18,2005.797,303.28
2005-10-17,2005.794,305
2005-10-14,2005.786,296.14
2005-10-13,2005.783,297.44
2005-10-12,2005.781,300.97
2005-10-11,2005.778,306.1
2005-10-10,2005.775,310.65
2005-10-07,2005.767,312.99
2005-10-06,2005.764,312.75
2005-10-05,2005.761,310.71
2005-10-04,2005.758,311
2005-10-03,2005.756,318.68
2005-09-30,2005.747,316.46
2005-09-29,2005.744,309.62
2005-09-28,2005.742,306
2005-09-27,2005.739,313.94
2005-09-26,2005.736,314.28
2005-09-23,2005.728,315.36
2005-09-22,2005.725,311.37
2005-09-21,2005.722,311.9
2005-09-20,2005.719,307.91
2005-09-19,2005.717,303.79
2005-09-16,2005.708,300.2
2005-09-15,2005.706,302.62
2005-09-14,2005.703,303
2005-09-13,2005.7,311.68
2005-09-12,2005.697,309.74
2005-09-09,2005.689,299.09
2005-09-08,2005.686,295.39
2005-09-07,2005.683,294.87
2005-09-06,2005.681,287.11
2005-09-02,2005.669,288.45
2005-09-01,2005.667,286.25
2005-08-31,2005.667,286
2005-08-30,2005.664,287.27
2005-08-29,2005.661,288.45
2005-08-26,2005.653,283.58
2005-08-25,2005.65,282.59
2005-08-24,2005.647,282.57
2005-08-23,2005.644,279.58
2005-08-22,2005.642,274.01
2005-08-19,2005.633,280
2005-08-18,2005.631,279.99
2005-08-17,2005.628,285.1
2005-08-16,2005.625,285.65
2005-08-15,2005.622,284
2005-08-12,2005.614,289.72
2005-08-11,2005.611,284.05
2005-08-10,2005.608,285.68
2005-08-09,2005.606,291.57
2005-08-08,2005.603,291.25
2005-08-05,2005.594,292.35
2005-08-04,2005.592,297.73
2005-08-03,2005.589,297.3
2005-08-02,2005.586,299.19
2005-08-01,2005.583,291.61
2005-07-29,2005.578,287.76
2005-07-28,2005.575,293.5
2005-07-27,2005.572,296.93
2005-07-26,2005.569,296.09
2005-07-25,2005.567,295.85
2005-07-22,2005.558,302.4
2005-07-21,2005.556,313.94
2005-07-20,2005.553,312
2005-07-19,2005.55,309.9
2005-07-18,2005.547,299.54
2005-07-15,2005.539,301.19
2005-07-14,2005.536,300.89
2005-07-13,2005.533,298.86
2005-07-12,2005.531,291.78
2005-07-11,2005.528,293.35
2005-07-08,2005.519,296.23
2005-07-07,2005.517,295.54
2005-07-06,2005.514,291.52
2005-07-05,2005.511,295.71
2005-07-01,2005.5,291.25
2005-06-30,2005.497,294.15
2005-06-29,2005.494,292.72
2005-06-28,2005.492,302
2005-06-27,2005.489,304.1
2005-06-24,2005.481,297.25
2005-06-23,2005.478,289.71
2005-06-22,2005.475,289.3
2005-06-21,2005.472,287.84
2005-06-20,2005.469,286.7
2005-06-17,2005.461,280.3
2005-06-16,2005.458,277.44
2005-06-15,2005.456,274.8
2005-06-14,2005.453,278.35
2005-06-13,2005.45,282.75
2005-06-10,2005.442,282.5
2005-06-09,2005.439,286.31
2005-06-08,2005.436,279.56
2005-06-07,2005.433,293.12
2005-06-06,2005.431,290.94
2005-06-03,2005.422,280.26
2005-06-02,2005.419,287.9
2005-06-01,2005.417,288
2005-05-31,2005.417,277.27
2005-05-27,2005.406,266
2005-05-26,2005.403,259.2
2005-05-25,2005.4,260.81
2005-05-24,2005.397,256
2005-05-23,2005.394,255.45
2005-05-20,2005.386,241.61
2005-05-19,2005.383,239.18
2005-05-18,2005.381,239.16
2005-05-17,2005.378,233.13
2005-05-16,2005.375,231.05
2005-05-13,2005.367,229.24
2005-05-12,2005.364,228.72
2005-05-11,2005.361,231.29
2005-05-10,2005.358,227.8
2005-05-09,2005.356,226.02
2005-05-06,2005.347,228.02
2005-05-05,2005.344,226.98
2005-05-04,2005.342,228.5
2005-05-03,2005.339,226.19
2005-05-02,2005.336,222.29
2005-04-29,2005.328,220
2005-04-28,2005.325,219.45
2005-04-27,2005.322,219.78
2005-04-26,2005.319,218.75
2005-04-25,2005.317,223.53
2005-04-22,2005.308,215.81
2005-04-21,2005.306,204.22
2005-04-20,2005.303,198.1
2005-04-19,2005.3,191.4
2005-04-18,2005.297,186.97
2005-04-15,2005.289,185
2005-04-14,2005.286,191.45
2005-04-13,2005.283,192.93
2005-04-12,2005.281,193.96
2005-04-11,2005.278,193.23
2005-04-08,2005.269,192.05
2005-04-07,2005.267,193.76
2005-04-06,2005.264,189.22
2005-04-05,2005.261,188.57
2005-04-04,2005.258,185.29
2005-04-01,2005.25,180.04
2005-03-31,2005.25,180.51
2005-03-30,2005.247,180.45
2005-03-29,2005.244,179.57
2005-03-28,2005.242,181.42
2005-03-24,2005.231,179.25
2005-03-23,2005.228,178.98
2005-03-22,2005.225,178.6
2005-03-21,2005.222,180.88
2005-03-18,2005.214,180.04
2005-03-17,2005.211,179.29
2005-03-16,2005.208,175.6
2005-03-15,2005.206,178.61
2005-03-14,2005.203,174.99
2005-03-11,2005.194,177.8
2005-03-10,2005.192,179.98
2005-03-09,2005.189,181.35
2005-03-08,2005.186,185.2
2005-03-07,2005.183,188.81
2005-03-04,2005.175,185.9
2005-03-03,2005.172,187.01
2005-03-02,2005.169,185.18
2005-03-01,2005.167,186.06
2005-02-28,2005.158,187.99
2005-02-25,2005.15,185.87
2005-02-24,2005.147,188.89
2005-02-23,2005.144,193.95
2005-02-22,2005.142,191.37
2005-02-18,2005.131,197.95
2005-02-17,2005.128,197.9
2005-02-16,2005.125,198.41
2005-02-15,2005.122,195.23
2005-02-14,2005.119,192.99
2005-02-11,2005.111,187.4
2005-02-10,2005.108,187.98
2005-02-09,2005.106,191.58
2005-02-08,2005.103,198.64
2005-02-07,2005.1,196.03
2005-02-04,2005.092,204.36
2005-02-03,2005.089,210.86
2005-02-02,2005.086,205.96
2005-02-01,2005.083,191.9
2005-01-31,2005.083,195.62
2005-01-28,2005.075,190.34
2005-01-27,2005.072,188.08
2005-01-26,2005.069,189.24
2005-01-25,2005.067,177.12
2005-01-24,2005.064,180.72
2005-01-21,2005.056,188.28
2005-01-20,2005.053,193.92
2005-01-19,2005.05,197.3
2005-01-18,2005.047,203.9
2005-01-14,2005.036,199.97
2005-01-13,2005.033,195.33
2005-01-12,2005.031,195.38
2005-01-11,2005.028,193.54
2005-01-10,2005.025,195.06
2005-01-07,2005.017,193.85
2005-01-06,2005.014,188.55
2005-01-05,2005.011,193.51
2005-01-04,2005.008,194.5
2005-01-03,2005.006,202.71
2004-12-31,2005,192.79
2004-12-30,2004.997,197.6
2004-12-29,2004.994,192.9
2004-12-28,2004.992,192.76
2004-12-27,2004.989,191.91
2004-12-23,2004.978,187.9
2004-12-22,2004.975,186.3
2004-12-21,2004.972,183.75
2004-12-20,2004.969,185.02
2004-12-17,2004.961,180.08
2004-12-16,2004.958,176.47
2004-12-15,2004.956,179.78
2004-12-14,2004.953,178.69
2004-12-13,2004.95,170.45
2004-12-10,2004.942,171.65
2004-12-09,2004.939,173.43
2004-12-08,2004.936,169.98
2004-12-07,2004.933,171.43
2004-12-06,2004.931,176.29
2004-12-03,2004.922,180.4
2004-12-02,2004.919,179.4
2004-12-01,2004.917,179.96
2004-11-30,2004.914,181.98
2004-11-29,2004.911,181.05
2004-11-26,2004.903,179.39
2004-11-24,2004.897,174.76
2004-11-23,2004.894,167.52
2004-11-22,2004.892,165.1
2004-11-19,2004.883,169.4
2004-11-18,2004.881,167.54
2004-11-17,2004.878,172.5
2004-11-16,2004.875,172.54
2004-11-15,2004.872,184.87
2004-11-12,2004.864,182
2004-11-11,2004.861,183.02
2004-11-10,2004.858,167.86
2004-11-09,2004.856,168.7
2004-11-08,2004.853,172.55
2004-11-05,2004.844,169.35
2004-11-04,2004.842,184.7
2004-11-03,2004.839,191.67
2004-11-02,2004.836,194.87
2004-11-01,2004.833,196.03
2004-10-29,2004.828,190.64
2004-10-28,2004.825,193.3
2004-10-27,2004.822,185.97
2004-10-26,2004.819,181.8
2004-10-25,2004.817,187.4
2004-10-22,2004.808,172.43
2004-10-21,2004.806,149.38
2004-10-20,2004.803,140.49
2004-10-19,2004.8,147.94
2004-10-18,2004.797,149.16
2004-10-15,2004.789,144.11
2004-10-14,2004.786,142
2004-10-13,2004.783,140.9
2004-10-12,2004.781,137.4
2004-10-11,2004.778,135.26
2004-10-08,2004.769,137.73
2004-10-07,2004.767,138.85
2004-10-06,2004.764,137.08
2004-10-05,2004.761,138.37
2004-10-04,2004.758,135.06
2004-10-01,2004.75,132.58
2004-09-30,2004.747,129.6
2004-09-29,2004.744,131.08
2004-09-28,2004.742,126.86
2004-09-27,2004.739,118.26
2004-09-24,2004.731,119.83
2004-09-23,2004.728,120.82
2004-09-22,2004.725,118.38
2004-09-21,2004.722,117.84
2004-09-20,2004.719,119.36
2004-09-17,2004.711,117.49
2004-09-16,2004.708,113.97
2004-09-15,2004.706,112
2004-09-14,2004.703,111.49
2004-09-13,2004.7,107.5
2004-09-10,2004.692,105.33
2004-09-09,2004.689,102.31
2004-09-08,2004.686,102.3
2004-09-07,2004.683,101.58
2004-09-03,2004.672,100.01
2004-09-02,2004.669,101.51
2004-09-01,2004.667,100.25
2004-08-31,2004.667,102.37
2004-08-30,2004.664,102.01
2004-08-27,2004.656,106.15
2004-08-26,2004.653,107.91
2004-08-25,2004.65,106
2004-08-24,2004.647,104.87
2004-08-23,2004.644,109.4
2004-08-20,2004.636,108.31
2004-08-19,2004.633,100.34
