Date,datevalue,t,Close
2014-03-28,41726,2014.242,358.87
2014-03-27,41725,2014.239,364.18
2014-03-26,41724,2014.236,372.28
2014-03-25,41723,2014.233,370.84
2014-03-24,41722,2014.231,378.9
2014-03-21,41719,2014.222,405.99
2014-03-20,41718,2014.219,424.27
2014-03-19,41717,2014.217,420.09
2014-03-18,41716,2014.214,420.25
2014-03-17,41715,2014.211,422.72
2014-03-14,41712,2014.203,424.49
2014-03-13,41711,2014.2,430.06
2014-03-12,41710,2014.197,436.58
2014-03-11,41709,2014.194,437.48
2014-03-10,41708,2014.192,439.95
2014-03-07,41705,2014.183,448.37
2014-03-06,41704,2014.181,450.51
2014-03-05,41703,2014.178,453.5
2014-03-04,41702,2014.175,454.98
2014-03-03,41701,2014.172,445.59
2014-02-28,41698,2014.158,445.63
2014-02-27,41697,2014.156,452.23
2014-02-26,41696,2014.153,448.79
2014-02-25,41695,2014.15,453.03
2014-02-24,41694,2014.147,447
2014-02-21,41691,2014.139,432.23
2014-02-20,41690,2014.136,434.95
2014-02-19,41689,2014.133,428.23
2014-02-18,41688,2014.131,436.85
2014-02-14,41684,2014.119,435.51
2014-02-13,41683,2014.117,436.55
2014-02-12,41682,2014.114,428.93
2014-02-11,41681,2014.111,433.99
2014-02-10,41680,2014.108,430.44
2014-02-07,41677,2014.1,429.98
2014-02-06,41676,2014.097,407.91
2014-02-05,41675,2014.094,404.42
2014-02-04,41674,2014.092,405.91
2014-02-03,41673,2014.089,404.38
2014-01-31,41670,2014.083,409.33
2014-01-30,41669,2014.081,404.67
2014-01-29,41668,2014.078,400.42
2014-01-28,41667,2014.075,406.77
2014-01-27,41666,2014.072,381.23
2014-01-24,41663,2014.064,386.08
2014-01-23,41662,2014.061,388.72
2014-01-22,41661,2014.058,333.73
2014-01-21,41660,2014.056,328.71
2014-01-17,41656,2014.044,330.04
2014-01-09,41648,2014.022,337.05
2014-01-08,41647,2014.019,340.99
2014-01-07,41646,2014.017,339.5
2014-01-06,41645,2014.014,359.57
2014-01-03,41642,2014.006,363.1
2014-01-02,41641,2014.003,362.82
2013-12-31,41639,2014,368.17
2013-12-30,41638,2013.997,366.99
2013-12-27,41635,2013.989,367.5
2013-12-26,41634,2013.986,376.93
2013-12-24,41632,2013.981,378.39
2013-12-23,41631,2013.978,380.58
2013-12-20,41628,2013.969,375.67
2013-12-19,41627,2013.967,376.74
2013-12-18,41626,2013.964,376.24
2013-12-17,41625,2013.961,374.87
2013-12-16,41624,2013.958,366.31
2013-12-13,41621,2013.95,368.97
2013-12-12,41620,2013.947,373.33
2013-12-11,41619,2013.944,363.98
2013-12-10,41618,2013.942,363.1
2013-12-09,41617,2013.939,355.67
2013-12-06,41614,2013.931,354.44
2013-12-05,41613,2013.928,358.06
2013-12-04,41612,2013.925,356.27
2013-12-03,41611,2013.922,362.94
2013-12-02,41610,2013.919,363.92
2013-11-29,41607,2013.911,365.8
2013-11-27,41605,2013.906,362.49
2013-11-26,41604,2013.903,355.2
2013-11-25,41603,2013.9,350.24
2013-11-22,41600,2013.892,347.85
2013-11-21,41599,2013.889,348.5
2013-11-20,41598,2013.886,339.52
2013-11-19,41597,2013.883,337.29
2013-11-18,41596,2013.881,341.77
2013-11-15,41593,2013.872,349.76
2013-11-14,41592,2013.869,342.57
2013-11-13,41591,2013.867,335.28
2013-11-12,41590,2013.864,333.73
2013-11-11,41589,2013.861,337.91
2013-11-08,41586,2013.853,334.9
2013-11-07,41585,2013.85,326.86
2013-11-06,41584,2013.847,335.63
2013-11-05,41583,2013.844,341.5
2013-11-04,41582,2013.842,337.6
2013-11-01,41579,2013.833,329.27
2013-10-31,41578,2013.833,322.48
2013-10-30,41577,2013.831,318.14
2013-10-29,41576,2013.828,327.3
2013-10-28,41575,2013.825,314
2013-10-25,41572,2013.817,328.03
2013-10-24,41571,2013.814,331.22
2013-10-23,41570,2013.811,330.24
2013-10-22,41569,2013.808,322.52
2013-10-21,41568,2013.806,354.99
2013-10-18,41565,2013.797,333.5
2013-10-17,41564,2013.794,330.1
2013-10-16,41563,2013.792,322.88
2013-10-15,41562,2013.789,321.69
2013-10-14,41561,2013.786,324.36
2013-10-11,41558,2013.778,300.85
2013-10-10,41557,2013.775,303.99
2013-10-09,41556,2013.772,288.43
2013-10-08,41555,2013.769,302.32
2013-10-07,41554,2013.767,318.16
2013-10-04,41551,2013.758,327.26
2013-10-03,41550,2013.756,321.72
2013-10-02,41549,2013.753,330.73
2013-10-01,41548,2013.75,324.62
2013-09-30,41547,2013.747,309.21
2013-09-27,41544,2013.739,312.4
2013-09-26,41543,2013.736,313.51
2013-09-25,41542,2013.733,307.14
2013-09-24,41541,2013.731,306.49
2013-09-23,41540,2013.728,302.04
2013-09-20,41537,2013.719,313.83
2013-09-19,41536,2013.717,305.5
2013-09-18,41535,2013.714,306.92
2013-09-17,41534,2013.711,299.55
2013-09-16,41533,2013.708,302.16
2013-09-13,41530,2013.7,305.65
2013-09-12,41529,2013.697,301.41
2013-09-11,41528,2013.694,308.3
2013-09-10,41527,2013.692,313.06
2013-09-09,41526,2013.689,294.15
2013-09-06,41523,2013.681,291.54
2013-09-05,41522,2013.678,295.11
2013-09-04,41521,2013.675,292.43
2013-09-03,41520,2013.672,289
2013-08-30,41516,2013.664,283.91
2013-08-29,41515,2013.661,287.85
2013-08-28,41514,2013.658,283.36
2013-08-27,41513,2013.656,276.04
2013-08-26,41512,2013.653,282.72
2013-08-23,41509,2013.644,278.36
2013-08-22,41508,2013.642,269.75
2013-08-21,41507,2013.639,270.37
2013-08-20,41506,2013.636,273.29
2013-08-19,41505,2013.633,259.78
2013-08-16,41502,2013.625,258.87
2013-08-15,41501,2013.622,253.41
2013-08-14,41500,2013.619,261.81
2013-08-13,41499,2013.617,259.19
2013-08-12,41498,2013.614,256.6
2013-08-09,41495,2013.606,252.75
2013-08-08,41494,2013.603,250.4
2013-08-07,41493,2013.6,249.21
2013-08-06,41492,2013.597,255.9
2013-08-05,41491,2013.594,253.84
2013-08-02,41488,2013.586,246.18
2013-08-01,41487,2013.583,249.12
2013-07-31,41486,2013.583,244.48
2013-07-30,41485,2013.581,243.76
2013-07-29,41484,2013.578,244.96
2013-07-26,41481,2013.569,246.31
2013-07-25,41480,2013.567,246.74
2013-07-24,41479,2013.564,241.3
2013-07-23,41478,2013.561,250.26
2013-07-22,41477,2013.558,261.96
2013-07-19,41474,2013.55,264.58
2013-07-18,41473,2013.547,266.41
2013-07-17,41472,2013.544,267.92
2013-07-16,41471,2013.542,260.48
2013-07-15,41470,2013.539,257.98
2013-07-12,41467,2013.531,257.26
2013-07-11,41466,2013.528,244.17
2013-07-10,41465,2013.525,243.82
2013-07-09,41464,2013.522,247.38
2013-07-08,41463,2013.519,233.1
2013-07-05,41460,2013.511,225.1
2013-07-03,41458,2013.506,220.91
2013-07-02,41457,2013.503,221.46
2013-07-01,41456,2013.5,224.28
2013-06-28,41453,2013.492,211.09
2013-06-27,41452,2013.489,214.97
2013-06-26,41451,2013.486,212.1
2013-06-25,41450,2013.483,212.9
2013-06-24,41449,2013.481,215.6
2013-06-21,41446,2013.472,216.9
2013-06-20,41445,2013.469,223.52
2013-06-19,41444,2013.467,232.31
2013-06-18,41443,2013.464,228.83
2013-06-17,41442,2013.461,229.23
2013-06-14,41439,2013.453,213.99
2013-06-13,41438,2013.45,215.39
2013-06-12,41437,2013.447,207.64
2013-06-11,41436,2013.444,214.46
2013-06-10,41435,2013.442,220.93
2013-06-07,41432,2013.433,220.22
2013-06-06,41431,2013.431,217.74
2013-06-05,41430,2013.428,223.46
2013-06-04,41429,2013.425,225.31
2013-06-03,41428,2013.422,221.97
2013-05-31,41425,2013.417,226.25
2013-05-30,41424,2013.414,222.66
2013-05-29,41423,2013.411,215.34
2013-05-28,41422,2013.408,214.19
2013-05-24,41418,2013.397,228.74
2013-05-23,41417,2013.394,226.18
2013-05-22,41416,2013.392,228.56
2013-05-21,41415,2013.389,237.09
2013-05-20,41414,2013.386,239.55
2013-05-17,41411,2013.378,239
2013-05-16,41410,2013.375,237.03
2013-05-15,41409,2013.372,243.4
2013-05-14,41408,2013.369,233.97
2013-05-13,41407,2013.367,229.38
2013-05-10,41404,2013.358,217.69
2013-05-09,41403,2013.356,216.41
2013-05-08,41402,2013.353,208.61
2013-05-07,41401,2013.35,206.25
2013-05-06,41400,2013.347,210.69
2013-05-03,41397,2013.339,213.45
2013-05-02,41396,2013.336,214.49
2013-05-01,41395,2013.333,212.91
2013-04-30,41394,2013.331,216.07
2013-04-29,41393,2013.328,215.01
2013-04-26,41390,2013.319,215.55
2013-04-25,41389,2013.317,213.75
2013-04-24,41388,2013.314,216.72
2013-04-23,41387,2013.311,216.99
2013-04-22,41386,2013.308,174.37
2013-04-19,41383,2013.3,163.37
2013-04-18,41382,2013.297,163.82
2013-04-17,41381,2013.294,169.36
2013-04-16,41380,2013.292,175.85
2013-04-15,41379,2013.289,176.5
2013-04-12,41376,2013.281,173.2
2013-04-11,41375,2013.278,173.01
2013-04-10,41374,2013.275,166.07
2013-04-09,41373,2013.272,169.36
2013-04-08,41372,2013.269,163.06
2013-04-05,41369,2013.261,164.66
2013-04-04,41368,2013.258,166.69
2013-04-03,41367,2013.256,169.74
2013-04-02,41366,2013.253,176.69
2013-04-01,41365,2013.25,182.43
2013-03-28,41361,2013.242,189.28
2013-03-27,41360,2013.239,190.24
2013-03-26,41359,2013.236,190.61
2013-03-25,41358,2013.233,180.79
2013-03-22,41355,2013.225,181.3
2013-03-21,41354,2013.222,181.99
2013-03-20,41353,2013.219,183.05
2013-03-19,41352,2013.217,181.37
2013-03-18,41351,2013.214,185.59
2013-03-15,41348,2013.206,184.85
2013-03-14,41347,2013.203,188.37
2013-03-13,41346,2013.2,192.36
2013-03-12,41345,2013.197,182.11
2013-03-11,41344,2013.194,180.45
2013-03-08,41341,2013.186,184.7
2013-03-07,41340,2013.183,181.56
2013-03-06,41339,2013.181,182.94
2013-03-05,41338,2013.178,181.73
2013-03-04,41337,2013.175,181.21
2013-03-01,41334,2013.167,189.37
2013-02-28,41333,2013.158,188.08
2013-02-27,41332,2013.156,184.32
2013-02-26,41331,2013.153,184.09
2013-02-25,41330,2013.15,179.32
2013-02-22,41327,2013.142,179.86
2013-02-21,41326,2013.139,187.15
2013-02-20,41325,2013.136,187.12
2013-02-19,41324,2013.133,196.45
2013-02-15,41320,2013.122,189.51
2013-02-14,41319,2013.119,187.4
2013-02-13,41318,2013.117,186.27
2013-02-12,41317,2013.114,177.95
2013-02-11,41316,2013.111,177.89
2013-02-08,41313,2013.103,180.97
2013-02-07,41312,2013.1,181.96
2013-02-06,41311,2013.097,184.41
2013-02-05,41310,2013.094,174.39
2013-02-04,41309,2013.092,174.74
2013-02-01,41306,2013.083,164.8
2013-01-31,41305,2013.083,165.24
2013-01-30,41304,2013.081,167.7
2013-01-29,41303,2013.078,169.12
2013-01-28,41302,2013.075,162.11
2013-01-25,41299,2013.067,169.56
2013-01-24,41298,2013.064,146.86
2013-01-23,41297,2013.061,103.26
2013-01-22,41296,2013.058,97.81
2013-01-18,41292,2013.047,99.17
2013-01-17,41291,2013.044,97.7
2013-01-16,41290,2013.042,97.48
2013-01-15,41289,2013.039,101.69
2013-01-14,41288,2013.036,103.45
2013-01-11,41285,2013.028,101.29
2013-01-10,41284,2013.025,98
2013-01-09,41283,2013.022,95.91
2013-01-08,41282,2013.019,97.16
2013-01-07,41281,2013.017,99.2
2013-01-04,41278,2013.008,95.98
2013-01-03,41277,2013.006,96.59
2013-01-02,41276,2013.003,92.01
2012-12-31,41274,2013,92.59
2012-12-28,41271,2012.992,89.33
2012-12-27,41270,2012.989,90.5
2012-12-26,41269,2012.986,90.65
2012-12-24,41267,2012.981,90.23
2012-12-21,41264,2012.972,91.34
2012-12-20,41263,2012.969,93.5
2012-12-19,41262,2012.967,93.98
2012-12-18,41261,2012.964,95.64
2012-12-17,41260,2012.961,94.7
2012-12-14,41257,2012.953,93.3
2012-12-13,41256,2012.95,92.56
2012-12-12,41255,2012.947,90.73
2012-12-11,41254,2012.944,86.08
2012-12-10,41253,2012.942,84.8
2012-12-07,41250,2012.933,85.98
2012-12-06,41249,2012.931,86.17
2012-12-05,41248,2012.928,83.37
2012-12-04,41247,2012.925,86.65
2012-12-03,41246,2012.922,76
2012-11-30,41243,2012.914,81.71
2012-11-29,41242,2012.911,81.38
2012-11-28,41241,2012.908,82.23
2012-11-27,41240,2012.906,83.08
2012-11-26,41239,2012.903,82.06
2012-11-23,41236,2012.894,82.95
2012-11-21,41234,2012.889,83
2012-11-20,41233,2012.886,82.4
2012-11-19,41232,2012.883,81.36
2012-11-16,41229,2012.875,80.9
2012-11-15,41228,2012.872,81.48
2012-11-14,41227,2012.869,79.78
2012-11-13,41226,2012.867,79.61
2012-11-12,41225,2012.864,78.19
2012-11-09,41222,2012.856,77.9
2012-11-08,41221,2012.853,75.97
2012-11-07,41220,2012.85,77.68
2012-11-06,41219,2012.847,76.37
2012-11-05,41218,2012.844,78.24
2012-11-02,41215,2012.836,76.9
2012-11-01,41214,2012.833,77.69
2012-10-31,41213,2012.833,79.24
2012-10-26,41208,2012.819,69.58
2012-10-25,41207,2012.817,61.51
2012-10-24,41206,2012.814,60.12
2012-10-23,41205,2012.811,68.22
2012-10-22,41204,2012.808,67.88
2012-10-19,41201,2012.8,64.98
2012-10-18,41200,2012.797,67.36
2012-10-17,41199,2012.794,68.52
2012-10-16,41198,2012.792,66.05
2012-10-15,41197,2012.789,64.76
2012-10-12,41194,2012.781,64.33
2012-10-11,41193,2012.778,65.98
2012-10-10,41192,2012.775,65.5
2012-10-09,41191,2012.772,65.53
2012-10-08,41190,2012.769,73.52
2012-10-05,41187,2012.761,66.56
2012-10-04,41186,2012.758,66.67
2012-10-03,41185,2012.756,62.58
2012-10-02,41184,2012.753,56.46
2012-10-01,41183,2012.75,56.05
2012-09-28,41180,2012.742,54.44
2012-09-27,41179,2012.739,55.55
2012-09-26,41178,2012.736,55.13
2012-09-25,41177,2012.733,53.8
2012-09-24,41176,2012.731,56.39
2012-09-21,41173,2012.722,57.79
2012-09-20,41172,2012.719,58.74
2012-09-19,41171,2012.717,57.04
2012-09-18,41170,2012.714,56.06
2012-09-17,41169,2012.711,57.02
2012-09-14,41166,2012.703,60.52
2012-09-13,41165,2012.7,58
2012-09-12,41164,2012.697,57.21
2012-09-11,41163,2012.694,57.16
2012-09-10,41162,2012.692,55.92
2012-09-07,41159,2012.683,56.66
2012-09-06,41158,2012.681,56.65
2012-09-05,41157,2012.678,54.96
2012-09-04,41156,2012.675,55.93
2012-08-31,41152,2012.667,59.72
2012-08-30,41151,2012.664,60.48
2012-08-29,41150,2012.661,63.44
2012-08-28,41149,2012.658,62.95
2012-08-27,41148,2012.656,62.39
2012-08-24,41145,2012.647,63.16
2012-08-23,41144,2012.644,64.05
2012-08-22,41143,2012.642,65.4
2012-08-21,41142,2012.639,65.6
2012-08-20,41141,2012.636,64.24
2012-08-17,41138,2012.628,63.69
2012-08-16,41137,2012.625,64.31
2012-08-15,41136,2012.622,63.26
2012-08-14,41135,2012.619,61.76
2012-08-13,41134,2012.617,59.91
2012-08-10,41131,2012.608,59.9
2012-08-09,41130,2012.606,57.91
2012-08-08,41129,2012.603,57.8
2012-08-07,41128,2012.6,57.9
2012-08-06,41127,2012.597,56.79
2012-08-03,41124,2012.589,53.91
2012-08-02,41123,2012.586,53.87
2012-08-01,41122,2012.583,54.5
2012-07-31,41121,2012.583,56.85
2012-07-30,41120,2012.581,57.75
2012-07-27,41117,2012.572,58.92
2012-07-26,41116,2012.569,57.01
2012-07-25,41115,2012.567,60.28
2012-07-24,41114,2012.564,80.39
2012-07-23,41113,2012.561,79.94
2012-07-20,41110,2012.553,81.82
2012-07-19,41109,2012.55,83.12
2012-07-18,41108,2012.547,81.27
2012-07-17,41107,2012.544,81.78
2012-07-16,41106,2012.542,82.98
2012-07-13,41103,2012.533,84.9
2012-07-12,41102,2012.531,84.97
2012-07-11,41101,2012.528,81.64
2012-07-10,41100,2012.525,80.23
2012-07-09,41099,2012.522,82.99
2012-07-06,41096,2012.514,81.89
2012-07-05,41095,2012.511,81.72
2012-07-03,41093,2012.506,72.04
2012-07-02,41092,2012.503,67.85
2012-06-29,41089,2012.494,68.49
2012-06-28,41088,2012.492,67.36
2012-06-27,41087,2012.489,66.49
2012-06-26,41086,2012.486,66.8
2012-06-25,41085,2012.483,67.03
2012-06-22,41082,2012.475,67.86
2012-06-21,41081,2012.472,65.84
2012-06-20,41080,2012.469,68.16
2012-06-19,41079,2012.467,69.83
2012-06-18,41078,2012.464,66.73
2012-06-15,41075,2012.456,65.79
2012-06-14,41074,2012.453,62.66
2012-06-13,41073,2012.45,62.83
2012-06-12,41072,2012.447,63.02
2012-06-11,41071,2012.444,63
2012-06-08,41068,2012.436,65.64
2012-06-07,41067,2012.433,64.64
2012-06-06,41066,2012.431,65.88
2012-06-05,41065,2012.428,64.83
2012-06-04,41064,2012.425,65
2012-06-01,41061,2012.417,62.95
2012-05-31,41060,2012.417,63.44
2012-05-30,41059,2012.414,67.34
2012-05-29,41058,2012.411,69.44
2012-05-25,41054,2012.4,70.22
2012-05-24,41053,2012.397,70.27
2012-05-23,41052,2012.394,71.91
2012-05-22,41051,2012.392,67.71
2012-05-21,41050,2012.389,71.74
2012-05-18,41047,2012.381,69.96
2012-05-17,41046,2012.378,71.97
2012-05-16,41045,2012.375,74.2
2012-05-15,41044,2012.372,77.48
2012-05-14,41043,2012.369,76.96
2012-05-11,41040,2012.361,77.38
2012-05-10,41039,2012.358,72.42
2012-05-09,41038,2012.356,74.35
2012-05-08,41037,2012.353,72.79
2012-05-07,41036,2012.35,73.45
2012-05-04,41033,2012.342,73.14
2012-05-03,41032,2012.339,75.97
2012-05-02,41031,2012.336,82.23
2012-05-01,41030,2012.333,81.36
2012-04-30,41029,2012.331,80.14
2012-04-27,41026,2012.322,83.74
2012-04-26,41025,2012.319,85.07
2012-04-25,41024,2012.317,86.35
2012-04-24,41023,2012.314,87.68
2012-04-23,41022,2012.311,101.84
2012-04-20,41019,2012.303,106.11
2012-04-19,41018,2012.3,107.09
2012-04-18,41017,2012.297,106.96
2012-04-17,41016,2012.294,107.02
2012-04-16,41015,2012.292,101.15
2012-04-13,41012,2012.283,104.17
2012-04-12,41011,2012.281,104.26
2012-04-11,41010,2012.278,99.81
2012-04-10,41009,2012.275,101.92
2012-04-09,41008,2012.272,106.68
2012-04-05,41004,2012.261,110.5
2012-04-04,41003,2012.258,110.26
2012-04-03,41002,2012.256,112.96
2012-04-02,41001,2012.253,113.97
2012-03-30,40998,2012.247,115.04
2012-03-29,40997,2012.244,115.05
2012-03-28,40996,2012.242,118.81
2012-03-27,40995,2012.239,120.67
2012-03-26,40994,2012.236,121.99
2012-03-23,40991,2012.228,120.19
2012-03-22,40990,2012.225,118.73
2012-03-21,40989,2012.222,120.1
2012-03-20,40988,2012.219,115.02
2012-03-19,40987,2012.217,114.33
2012-03-16,40984,2012.208,109.96
2012-03-15,40983,2012.206,110.17
2012-03-14,40982,2012.203,105.25
2012-03-13,40981,2012.2,106.35
2012-03-12,40980,2012.197,106.2
2012-03-09,40977,2012.189,109.13
2012-03-08,40976,2012.186,108.07
2012-03-07,40975,2012.183,105.19
2012-03-06,40974,2012.181,107.13
2012-03-05,40973,2012.178,110.81
2012-03-02,40970,2012.169,115.1
2012-03-01,40969,2012.167,112.75
2012-02-29,40968,2012.161,110.73
2012-02-28,40967,2012.158,113.32
2012-02-27,40966,2012.156,109.41
2012-02-24,40963,2012.147,111.67
2012-02-23,40962,2012.144,112.99
2012-02-22,40961,2012.142,112.4
2012-02-21,40960,2012.139,117.4
2012-02-17,40956,2012.128,121.85
2012-02-16,40955,2012.125,121.91
2012-02-15,40954,2012.122,122.06
2012-02-14,40953,2012.119,123.07
2012-02-13,40952,2012.117,118.3
2012-02-10,40949,2012.108,123.93
2012-02-09,40948,2012.106,124.84
2012-02-08,40947,2012.103,124
2012-02-07,40946,2012.1,127.88
2012-02-06,40945,2012.097,129.25
2012-02-03,40942,2012.089,126.43
2012-02-02,40941,2012.086,124
2012-02-01,40940,2012.083,122.97
2012-01-31,40939,2012.083,120.2
2012-01-30,40938,2012.081,125.43
2012-01-27,40935,2012.072,123.79
2012-01-26,40934,2012.069,116.01
2012-01-25,40933,2012.067,95.04
2012-01-24,40932,2012.064,92.67
2012-01-23,40931,2012.061,93.96
2012-01-20,40928,2012.053,100.24
2012-01-19,40927,2012.05,103.46
2012-01-18,40926,2012.047,98.54
2012-01-17,40925,2012.044,94.72
2012-01-13,40921,2012.033,94.38
2012-01-12,40920,2012.031,92.15
2012-01-11,40919,2012.028,92.15
2012-01-10,40918,2012.025,95.83
2012-01-09,40917,2012.022,98.18
2012-01-06,40914,2012.014,86.29
2012-01-05,40913,2012.011,79.3
2012-01-04,40912,2012.008,80.45
2012-01-03,40911,2012.006,72.24
2011-12-30,40907,2011.997,69.29
2011-12-29,40906,2011.994,69.3
2011-12-28,40905,2011.992,69.2
2011-12-27,40904,2011.989,70.6
2011-12-23,40900,2011.978,72.62
2011-12-22,40899,2011.975,73.84
2011-12-21,40898,2011.972,70.97
2011-12-20,40897,2011.969,71.4
2011-12-19,40896,2011.967,67.15
2011-12-16,40893,2011.958,69.82
2011-12-15,40892,2011.956,69.72
2011-12-14,40891,2011.953,71.04
2011-12-13,40890,2011.95,72.11
2011-12-12,40889,2011.947,75.26
2011-12-09,40886,2011.939,70.89
2011-12-08,40885,2011.936,69.42
2011-12-07,40884,2011.933,71.96
2011-12-06,40883,2011.931,68.14
2011-12-05,40882,2011.928,70.12
2011-12-02,40879,2011.919,66.37
2011-12-01,40878,2011.917,67.17
2011-11-30,40877,2011.914,64.53
2011-11-29,40876,2011.911,67.57
2011-11-28,40875,2011.908,69.95
2011-11-25,40872,2011.9,63.86
2011-11-23,40870,2011.894,68.5
2011-11-22,40869,2011.892,70.45
2011-11-21,40868,2011.889,74.47
2011-11-18,40865,2011.881,78.06
2011-11-17,40864,2011.878,76.46
2011-11-16,40863,2011.875,81.18
2011-11-15,40862,2011.872,86.28
2011-11-14,40861,2011.869,85.72
2011-11-11,40858,2011.861,87.75
2011-11-10,40857,2011.858,85.12
2011-11-09,40856,2011.856,88.05
2011-11-08,40855,2011.853,90.47
2011-11-07,40854,2011.85,90.83
2011-11-04,40851,2011.842,90.02
2011-11-03,40850,2011.839,92.29
2011-11-02,40849,2011.836,83.39
2011-11-01,40848,2011.833,80.09
2011-10-31,40847,2011.833,82.08
2011-10-28,40844,2011.825,84.14
2011-10-27,40843,2011.822,80.86
2011-10-26,40842,2011.819,79.4
2011-10-25,40841,2011.817,77.37
2011-10-24,40840,2011.814,118.84
2011-10-21,40837,2011.806,117.04
2011-10-20,40836,2011.803,111.48
2011-10-19,40835,2011.8,109.42
2011-10-18,40834,2011.797,111.74
2011-10-17,40833,2011.794,117.33
2011-10-14,40830,2011.786,116.04
2011-10-13,40829,2011.783,117.01
2011-10-12,40828,2011.781,113.62
2011-10-11,40827,2011.778,108.66
2011-10-10,40826,2011.775,111.62
2011-10-07,40823,2011.767,117.21
2011-10-06,40822,2011.764,123.24
2011-10-05,40821,2011.761,119.76
2011-10-04,40820,2011.758,114.9
2011-10-03,40819,2011.756,113.25
2011-09-30,40816,2011.747,113.27
2011-09-29,40815,2011.744,113.19
2011-09-28,40814,2011.742,127.14
2011-09-27,40813,2011.739,127.49
2011-09-26,40812,2011.736,132.22
2011-09-23,40809,2011.728,129.36
2011-09-22,40808,2011.725,128.53
2011-09-21,40807,2011.722,128.5
2011-09-20,40806,2011.719,130.03
2011-09-19,40805,2011.717,143.75
2011-09-16,40802,2011.708,155.19
2011-09-15,40801,2011.706,169.25
2011-09-14,40800,2011.703,208.71
2011-09-13,40799,2011.7,208.75
2011-09-12,40798,2011.697,210.05
2011-09-09,40795,2011.689,203.97
2011-09-08,40794,2011.686,211.2
2011-09-07,40793,2011.683,216
2011-09-06,40792,2011.681,218.77
2011-09-02,40788,2011.669,213.11
2011-09-01,40787,2011.667,233.27
2011-08-31,40786,2011.667,235.01
2011-08-30,40785,2011.664,236.28
2011-08-29,40784,2011.661,225.04
2011-08-26,40781,2011.653,221.89
2011-08-25,40780,2011.65,215.83
2011-08-24,40779,2011.647,216.03
2011-08-23,40778,2011.644,219.54
2011-08-22,40777,2011.642,205.21
2011-08-19,40774,2011.633,205.21
2011-08-18,40773,2011.631,217.48
2011-08-17,40772,2011.628,232.24
2011-08-16,40771,2011.625,239.04
2011-08-15,40770,2011.622,246.28
2011-08-12,40767,2011.614,244
2011-08-11,40766,2011.611,243.13
2011-08-10,40765,2011.608,232.42
2011-08-09,40764,2011.606,237.8
2011-08-08,40763,2011.603,226.64
2011-08-05,40760,2011.594,241.11
2011-08-04,40759,2011.592,245.77
2011-08-03,40758,2011.589,260
2011-08-02,40757,2011.586,257.2
2011-08-01,40756,2011.583,263.38
2011-07-29,40753,2011.578,265.99
2011-07-28,40752,2011.575,266.62
2011-07-27,40751,2011.572,269.42
2011-07-26,40750,2011.569,266.91
2011-07-25,40749,2011.567,281.53
2011-07-22,40746,2011.558,276.58
2011-07-21,40745,2011.556,275.81
2011-07-20,40744,2011.553,281.4
2011-07-19,40743,2011.55,287.29
2011-07-18,40742,2011.547,279
2011-07-15,40739,2011.539,286.93
2011-07-14,40738,2011.536,286.62
2011-07-13,40737,2011.533,298.73
2011-07-12,40736,2011.531,291.27
2011-07-11,40735,2011.528,290.74
2011-07-08,40732,2011.519,295.14
2011-07-07,40731,2011.517,292.42
2011-07-06,40730,2011.514,290.96
2011-07-05,40729,2011.511,289.63
2011-07-01,40725,2011.5,267.99
2011-06-30,40724,2011.497,262.69
2011-06-29,40723,2011.494,264.94
2011-06-28,40722,2011.492,265.09
2011-06-27,40721,2011.489,260.12
2011-06-24,40718,2011.481,256.96
2011-06-23,40717,2011.478,255.72
2011-06-22,40716,2011.475,248.66
2011-06-21,40715,2011.472,253.65
2011-06-20,40714,2011.469,245.63
2011-06-17,40711,2011.461,245.67
2011-06-16,40710,2011.458,249.3
2011-06-15,40709,2011.456,257.12
2011-06-14,40708,2011.453,261.13
2011-06-13,40707,2011.45,257.22
2011-06-10,40704,2011.442,258.62
2011-06-09,40703,2011.439,262.57
2011-06-08,40702,2011.436,262.26
2011-06-07,40701,2011.433,263.69
2011-06-06,40700,2011.431,262.59
2011-06-03,40697,2011.422,273.7
2011-06-02,40696,2011.419,271.7
2011-06-01,40695,2011.417,267.26
2011-05-31,40694,2011.417,270.8
2011-05-27,40690,2011.406,264.51
2011-05-26,40689,2011.403,263.75
2011-05-25,40688,2011.4,259.47
2011-05-24,40687,2011.397,247.6
2011-05-23,40686,2011.394,247.83
2011-05-20,40683,2011.386,245.9
2011-05-19,40682,2011.383,242.73
2011-05-18,40681,2011.381,242.54
2011-05-17,40680,2011.378,236.94
2011-05-16,40679,2011.375,237.09
2011-05-13,40676,2011.367,246.52
2011-05-12,40675,2011.364,245.77
2011-05-11,40674,2011.361,240.67
2011-05-10,40673,2011.358,237.63
2011-05-09,40672,2011.356,236.41
2011-05-06,40669,2011.347,229.47
2011-05-05,40668,2011.344,230.31
2011-05-04,40667,2011.342,229.19
2011-05-03,40666,2011.339,231.24
2011-05-02,40665,2011.336,237.19
2011-04-29,40662,2011.328,232.67
2011-04-28,40661,2011.325,234.37
2011-04-27,40660,2011.322,235.96
2011-04-26,40659,2011.319,228.91
2011-04-25,40658,2011.317,251.67
2011-04-21,40654,2011.306,252.22
2011-04-20,40653,2011.303,244.43
2011-04-19,40652,2011.3,241.55
2011-04-18,40651,2011.297,233.33
2011-04-15,40648,2011.289,235.49
2011-04-14,40647,2011.286,236.73
2011-04-13,40646,2011.283,238.75
2011-04-12,40645,2011.281,233.92
2011-04-11,40644,2011.278,228.16
2011-04-08,40641,2011.269,234.86
2011-04-07,40640,2011.267,233.96
2011-04-06,40639,2011.264,239.97
2011-04-05,40638,2011.261,244.23
2011-04-04,40637,2011.258,244.72
2011-04-01,40634,2011.25,242.09
2011-03-31,40633,2011.25,237.78
2011-03-30,40632,2011.247,237.95
2011-03-29,40631,2011.244,237.38
2011-03-28,40630,2011.242,237.32
2011-03-25,40627,2011.233,230.01
2011-03-24,40626,2011.231,229.13
2011-03-23,40625,2011.228,229.06
2011-03-22,40624,2011.225,221.39
2011-03-21,40623,2011.222,212.84
2011-03-18,40620,2011.214,209.4
2011-03-17,40619,2011.211,213.9
2011-03-16,40618,2011.208,213.84
2011-03-15,40617,2011.206,217.11
2011-03-14,40616,2011.203,201.2
2011-03-11,40613,2011.194,204.54
2011-03-10,40612,2011.192,200.02
2011-03-09,40611,2011.189,192.99
2011-03-08,40610,2011.186,195.45
2011-03-07,40609,2011.183,207.4
2011-03-04,40606,2011.175,210.72
2011-03-03,40605,2011.172,203.37
2011-03-02,40604,2011.169,204.23
2011-03-01,40603,2011.167,204.63
2011-02-28,40602,2011.158,206.67
2011-02-25,40599,2011.15,212.44
2011-02-24,40598,2011.147,215.18
2011-02-23,40597,2011.144,211.2
2011-02-22,40596,2011.142,221.6
2011-02-18,40592,2011.131,235.51
2011-02-17,40591,2011.128,235.63
2011-02-16,40590,2011.125,237.72
2011-02-15,40589,2011.122,240.79
2011-02-14,40588,2011.119,247.55
2011-02-11,40585,2011.111,231.07
2011-02-10,40584,2011.108,223.2
2011-02-09,40583,2011.106,222.29
2011-02-08,40582,2011.103,217.63
2011-02-07,40581,2011.1,218.02
2011-02-04,40578,2011.092,220.07
2011-02-03,40577,2011.089,211.49
2011-02-02,40576,2011.086,211.26
2011-02-01,40575,2011.083,212.9
2011-01-31,40574,2011.083,214.08
2011-01-28,40571,2011.075,217.98
2011-01-27,40570,2011.072,210.87
2011-01-26,40569,2011.069,183.03
2011-01-25,40568,2011.067,186.74
2011-01-24,40567,2011.064,183.96
2011-01-21,40564,2011.056,182.09
2011-01-20,40563,2011.053,185
2011-01-19,40562,2011.05,190.87
2011-01-18,40561,2011.047,193.68
2011-01-14,40557,2011.036,191.48
2011-01-13,40556,2011.033,191.49
2011-01-12,40555,2011.031,188.9
2011-01-11,40554,2011.028,186.65
2011-01-10,40553,2011.025,187.88
2011-01-07,40550,2011.017,179.3
2011-01-06,40549,2011.014,177.99
2011-01-05,40548,2011.011,179.73
2011-01-04,40547,2011.008,181.37
2011-01-03,40546,2011.006,178.41
2010-12-31,40543,2011,175.7
2010-12-30,40542,2010.997,179.8
2010-12-29,40541,2010.994,180.27
2010-12-28,40540,2010.992,183.67
2010-12-27,40539,2010.989,180.01
2010-12-23,40535,2010.978,184.58
2010-12-22,40534,2010.975,185.35
2010-12-21,40533,2010.972,186.24
2010-12-20,40532,2010.969,178.05
2010-12-17,40529,2010.961,180.02
2010-12-16,40528,2010.958,181.65
2010-12-15,40527,2010.956,178.5
2010-12-14,40526,2010.953,178.45
2010-12-13,40525,2010.95,183.8
2010-12-10,40522,2010.942,194.63
2010-12-09,40521,2010.939,191.05
2010-12-08,40520,2010.936,188.23
2010-12-07,40519,2010.933,189.81
2010-12-06,40518,2010.931,193.47
2010-12-03,40515,2010.922,185.45
2010-12-02,40514,2010.919,193.42
2010-12-01,40513,2010.917,200.14
2010-11-30,40512,2010.914,205.9
2010-11-29,40511,2010.911,198.92
2010-11-26,40508,2010.903,191.9
2010-11-24,40506,2010.897,188.77
2010-11-23,40505,2010.894,187.71
2010-11-22,40504,2010.892,188.32
2010-11-19,40501,2010.883,173.04
2010-11-18,40500,2010.881,168.33
2010-11-17,40499,2010.878,166.68
2010-11-16,40498,2010.875,165.4
2010-11-15,40497,2010.872,168.3
2010-11-12,40494,2010.864,173
2010-11-11,40493,2010.861,175.14
2010-11-10,40492,2010.858,176.87
2010-11-09,40491,2010.856,170.46
2010-11-08,40490,2010.853,169.13
2010-11-05,40487,2010.844,168.1
2010-11-04,40486,2010.842,167.82
2010-11-03,40485,2010.839,171.46
2010-11-02,40484,2010.836,171.61
2010-11-01,40483,2010.833,167.37
2010-10-29,40480,2010.828,173.57
2010-10-28,40479,2010.825,175.7
2010-10-27,40478,2010.822,178.5
2010-10-26,40477,2010.819,177.62
2010-10-25,40476,2010.817,166.84
2010-10-22,40473,2010.808,168.1
2010-10-21,40472,2010.806,172.69
2010-10-20,40471,2010.803,153.15
2010-10-19,40470,2010.8,149.33
2010-10-18,40469,2010.797,153
2010-10-15,40466,2010.789,155.72
2010-10-14,40465,2010.786,152.78
2010-10-13,40464,2010.783,154.61
2010-10-12,40463,2010.781,155.39
2010-10-11,40462,2010.778,153.69
2010-10-08,40459,2010.769,149.64
2010-10-07,40458,2010.767,151.43
2010-10-06,40457,2010.764,150.27
2010-10-05,40456,2010.761,156.16
2010-10-04,40455,2010.758,156.39
2010-10-01,40452,2010.75,154.66
2010-09-30,40451,2010.747,162.16
2010-09-29,40450,2010.744,170.63
2010-09-28,40449,2010.742,161.86
2010-09-27,40448,2010.739,164.99
2010-09-24,40445,2010.731,162.21
2010-09-23,40444,2010.728,160.47
2010-09-22,40443,2010.725,156.93
2010-09-21,40442,2010.722,147.2
2010-09-20,40441,2010.719,142.89
2010-09-17,40438,2010.711,140.46
2010-09-16,40437,2010.708,140.5
2010-09-15,40436,2010.706,143.12
2010-09-14,40435,2010.703,146.65
2010-09-13,40434,2010.7,147.94
2010-09-10,40431,2010.692,146.16
2010-09-09,40430,2010.689,145.68
2010-09-08,40429,2010.686,146
2010-09-07,40428,2010.683,141.79
2010-09-03,40424,2010.672,138.48
2010-09-02,40423,2010.669,138
2010-09-01,40422,2010.667,134.91
2010-08-31,40421,2010.667,125.52
2010-08-30,40420,2010.664,123.1
2010-08-27,40417,2010.656,126.1
2010-08-26,40416,2010.653,125.84
2010-08-25,40415,2010.65,124.25
2010-08-24,40414,2010.647,121.28
2010-08-23,40413,2010.644,126.9
2010-08-20,40410,2010.636,129.96
2010-08-19,40409,2010.633,128.24
2010-08-18,40408,2010.631,125.7
2010-08-17,40407,2010.628,132.97
2010-08-16,40406,2010.625,137.22
2010-08-13,40403,2010.617,132.26
2010-08-12,40402,2010.614,133.05
2010-08-11,40401,2010.611,126.47
2010-08-10,40400,2010.608,125.01
2010-08-09,40399,2010.606,116.9
2010-08-06,40396,2010.597,118.32
2010-08-05,40395,2010.594,110.53
2010-08-04,40394,2010.592,108.13
2010-08-03,40393,2010.589,104.41
2010-08-02,40392,2010.586,101.88
2010-07-30,40389,2010.581,102.55
2010-07-29,40388,2010.578,98.02
2010-07-28,40387,2010.575,100.31
2010-07-27,40386,2010.572,104.09
2010-07-26,40385,2010.569,102.79
2010-07-23,40382,2010.561,107.7
2010-07-22,40381,2010.558,103.56
2010-07-21,40380,2010.556,119.65
2010-07-20,40379,2010.553,120.39
2010-07-19,40378,2010.55,118.9
2010-07-16,40375,2010.542,118.39
2010-07-15,40374,2010.539,121.11
2010-07-14,40373,2010.536,123
2010-07-13,40372,2010.533,120.92
2010-07-12,40371,2010.531,119.38
2010-07-09,40368,2010.522,117.53
2010-07-08,40367,2010.519,116.98
2010-07-07,40366,2010.517,118.49
2010-07-06,40365,2010.514,107.27
2010-07-02,40361,2010.503,107.08
2010-07-01,40360,2010.5,109.66
2010-06-30,40359,2010.497,108.65
2010-06-29,40358,2010.494,112.58
2010-06-28,40357,2010.492,117.61
2010-06-25,40354,2010.483,117.98
2010-06-24,40353,2010.481,115.25
2010-06-23,40352,2010.478,117.77
2010-06-22,40351,2010.475,116.43
2010-06-21,40350,2010.472,118.99
2010-06-18,40347,2010.464,126.42
2010-06-17,40346,2010.461,125.86
2010-06-16,40345,2010.458,124.67
2010-06-15,40344,2010.456,123.5
2010-06-14,40343,2010.453,126.81
2010-06-11,40340,2010.444,120.69
2010-06-10,40339,2010.442,118.66
2010-06-09,40338,2010.439,115.43
2010-06-08,40337,2010.436,110.33
2010-06-07,40336,2010.433,109.16
2010-06-04,40333,2010.425,109.78
2010-06-03,40332,2010.422,111.85
2010-06-02,40331,2010.419,110.78
2010-06-01,40330,2010.417,107.29
2010-05-28,40326,2010.408,111.15
2010-05-27,40325,2010.406,108.86
2010-05-26,40324,2010.403,104.8
2010-05-25,40323,2010.4,105
2010-05-24,40322,2010.397,101.62
2010-05-21,40319,2010.389,99.47
2010-05-20,40318,2010.386,94.99
2010-05-19,40317,2010.383,100.61
2010-05-18,40316,2010.381,102.01
2010-05-17,40315,2010.378,106.35
2010-05-14,40312,2010.369,100.56
2010-05-13,40311,2010.367,110.01
2010-05-12,40310,2010.364,107.83
2010-05-11,40309,2010.361,99.82
2010-05-10,40308,2010.358,97.5
2010-05-07,40305,2010.35,91.09
2010-05-06,40304,2010.347,96.97
2010-05-05,40303,2010.344,98.23
2010-05-04,40302,2010.342,99.36
2010-05-03,40301,2010.339,101.99
2010-04-30,40298,2010.331,98.9
2010-04-29,40297,2010.328,103.17
2010-04-28,40296,2010.325,99.39
2010-04-27,40295,2010.322,102.07
2010-04-26,40294,2010.319,108.17
2010-04-23,40291,2010.311,99.73
2010-04-22,40290,2010.308,100.25
2010-04-21,40289,2010.306,86.98
2010-04-20,40288,2010.303,87.07
2010-04-19,40287,2010.3,84.8
2010-04-16,40284,2010.292,85.31
2010-04-15,40283,2010.289,86.83
2010-04-14,40282,2010.286,87.57
2010-04-13,40281,2010.283,86.38
2010-04-12,40280,2010.281,83.18
2010-04-09,40277,2010.272,82.42
2010-04-08,40276,2010.269,81.83
2010-04-07,40275,2010.267,79.73
2010-04-06,40274,2010.264,83.37
2010-04-05,40273,2010.261,79.99
2010-04-01,40269,2010.25,75
2010-03-31,40268,2010.25,73.74
2010-03-30,40267,2010.247,75.06
2010-03-29,40266,2010.244,73.9
2010-03-26,40263,2010.236,74.3
2010-03-25,40262,2010.233,73.54
2010-03-24,40261,2010.231,72.37
2010-03-23,40260,2010.228,72.96
2010-03-22,40259,2010.225,72.89
2010-03-19,40256,2010.217,70.45
2010-03-18,40255,2010.214,70.54
2010-03-17,40254,2010.211,70.92
2010-03-16,40253,2010.208,70.63
2010-03-15,40252,2010.206,69.6
2010-03-12,40249,2010.197,69.98
2010-03-11,40248,2010.194,71.19
2010-03-10,40247,2010.192,71.28
2010-03-09,40246,2010.189,69.94
2010-03-08,40245,2010.186,68.68
2010-03-05,40242,2010.178,67.65
2010-03-04,40241,2010.175,68.01
2010-03-03,40240,2010.172,67.55
2010-03-02,40239,2010.169,68.98
2010-03-01,40238,2010.167,69.7
2010-02-26,40235,2010.153,66.05
2010-02-25,40234,2010.15,65.61
2010-02-24,40233,2010.147,64.69
2010-02-23,40232,2010.144,64.35
2010-02-22,40231,2010.142,65.27
2010-02-19,40228,2010.133,66.65
2010-02-18,40227,2010.131,66.1
2010-02-17,40226,2010.128,64.51
2010-02-16,40225,2010.125,64.86
2010-02-12,40221,2010.114,63.18
2010-02-11,40220,2010.111,63.36
2010-02-10,40219,2010.108,61.49
2010-02-09,40218,2010.106,62.13
2010-02-08,40217,2010.103,60.9
2010-02-05,40214,2010.094,60.84
2010-02-04,40213,2010.092,60.34
2010-02-03,40212,2010.089,61.95
2010-02-02,40211,2010.086,61.85
2010-02-01,40210,2010.083,61.03
2010-01-29,40207,2010.078,62.25
2010-01-28,40206,2010.075,63.04
2010-01-27,40205,2010.072,50.97
2010-01-26,40204,2010.069,49.95
2010-01-25,40203,2010.067,49.13
2010-01-22,40200,2010.058,50.89
2010-01-21,40199,2010.056,51.19
2010-01-20,40198,2010.053,51.24
2010-01-19,40197,2010.05,51.2
2010-01-15,40193,2010.039,50.95
2010-01-14,40192,2010.036,50.99
2010-01-13,40191,2010.033,53.96
2010-01-12,40190,2010.031,52.37
2010-01-11,40189,2010.028,53.23
2010-01-08,40186,2010.019,53.3
2010-01-07,40185,2010.017,52.4
2010-01-06,40184,2010.014,53.32
2010-01-05,40183,2010.011,51.51
2010-01-04,40182,2010.008,53.48
2009-12-31,40178,2010,55.09
2009-12-30,40177,2009.997,55.63
2009-12-29,40176,2009.994,56.98
2009-12-28,40175,2009.992,57.34
2009-12-24,40171,2009.981,56.89
2009-12-23,40170,2009.978,56.85
2009-12-22,40169,2009.975,53.61
2009-12-21,40168,2009.972,53.96
2009-12-18,40165,2009.964,53.27
2009-12-17,40164,2009.961,53.73
2009-12-16,40163,2009.958,55.08
2009-12-15,40162,2009.956,56.92
2009-12-14,40161,2009.953,56.41
2009-12-11,40158,2009.944,55.7
2009-12-10,40157,2009.942,56.74
2009-12-09,40156,2009.939,55.96
2009-12-08,40155,2009.936,55.92
2009-12-07,40154,2009.933,55.91
2009-12-04,40151,2009.925,56.23
2009-12-03,40150,2009.922,57.99
2009-12-02,40149,2009.919,59
2009-12-01,40148,2009.917,58.23
2009-11-30,40147,2009.914,58.63
2009-11-27,40144,2009.906,57.85
2009-11-25,40142,2009.9,59.22
2009-11-24,40141,2009.897,59.67
2009-11-23,40140,2009.894,60.38
2009-11-20,40137,2009.886,59.97
2009-11-19,40136,2009.883,60.26
2009-11-18,40135,2009.881,61.13
2009-11-17,40134,2009.878,60.75
2009-11-16,40133,2009.875,59.46
2009-11-13,40130,2009.867,59.33
2009-11-12,40129,2009.864,58.19
2009-11-11,40128,2009.861,59.44
2009-11-10,40127,2009.858,58.4
2009-11-09,40126,2009.856,57.2
2009-11-06,40123,2009.847,55.86
2009-11-05,40122,2009.844,56.39
2009-11-04,40121,2009.842,54.16
2009-11-03,40120,2009.839,53.75
2009-11-02,40119,2009.836,53.8
2009-10-30,40116,2009.831,53.45
2009-10-29,40115,2009.828,55.32
2009-10-28,40114,2009.825,53.54
2009-10-27,40113,2009.822,54.24
2009-10-26,40112,2009.819,55.17
2009-10-23,40109,2009.811,54.89
2009-10-22,40108,2009.808,49.63
2009-10-21,40107,2009.806,47.85
2009-10-20,40106,2009.803,48.96
2009-10-19,40105,2009.8,49.8
2009-10-16,40102,2009.792,48.99
2009-10-15,40101,2009.789,50.35
2009-10-14,40100,2009.786,48.07
2009-10-13,40099,2009.783,46.49
2009-10-12,40098,2009.781,46.06
2009-10-09,40095,2009.772,46.91
2009-10-08,40094,2009.769,46.04
2009-10-07,40093,2009.767,46.25
2009-10-06,40092,2009.764,46.17
2009-10-05,40091,2009.761,45.42
2009-10-02,40088,2009.753,44.72
2009-10-01,40087,2009.75,44.62
2009-09-30,40086,2009.747,46.17
2009-09-29,40085,2009.744,46.26
2009-09-28,40084,2009.742,45.97
2009-09-25,40081,2009.733,46.26
2009-09-24,40080,2009.731,46.62
2009-09-23,40079,2009.728,46.85
2009-09-22,40078,2009.725,47.73
2009-09-21,40077,2009.722,47.5
2009-09-18,40074,2009.714,47.4
2009-09-17,40073,2009.711,46.44
2009-09-16,40072,2009.708,46.8
2009-09-15,40071,2009.706,44.97
2009-09-14,40070,2009.703,43.28
2009-09-11,40067,2009.694,42.66
2009-09-10,40066,2009.692,43.5
2009-09-09,40065,2009.689,43.23
2009-09-08,40064,2009.686,41.48
2009-09-04,40060,2009.675,40.95
2009-09-03,40059,2009.672,40.29
2009-09-02,40058,2009.669,41.78
2009-09-01,40057,2009.667,42.15
2009-08-31,40056,2009.667,43.63
2009-08-28,40053,2009.658,44.22
2009-08-27,40052,2009.656,43.75
2009-08-26,40051,2009.653,43.97
2009-08-25,40050,2009.65,44.46
2009-08-24,40049,2009.647,44.32
2009-08-21,40046,2009.639,45.1
2009-08-20,40045,2009.636,44.98
2009-08-19,40044,2009.633,44.87
2009-08-18,40043,2009.631,43.55
2009-08-17,40042,2009.628,43.11
2009-08-14,40039,2009.619,44.49
2009-08-13,40038,2009.617,46.28
2009-08-12,40037,2009.614,46.28
2009-08-11,40036,2009.611,46.09
2009-08-10,40035,2009.608,45.8
2009-08-07,40032,2009.6,45
2009-08-06,40031,2009.597,43.5
2009-08-05,40030,2009.594,44.31
2009-08-04,40029,2009.592,44.18
2009-08-03,40028,2009.589,44.97
2009-07-31,40025,2009.583,43.94
2009-07-30,40024,2009.581,43.61
2009-07-29,40023,2009.578,42.7
2009-07-28,40022,2009.575,42.34
2009-07-27,40021,2009.572,41.7
2009-07-24,40018,2009.564,42.2
2009-07-23,40017,2009.561,46.46
2009-07-22,40016,2009.558,45.28
2009-07-21,40015,2009.556,44.78
2009-07-20,40014,2009.553,44.82
2009-07-17,40011,2009.544,44.14
2009-07-16,40010,2009.542,44.13
2009-07-15,40009,2009.539,44.41
2009-07-14,40008,2009.536,43.3
2009-07-13,40007,2009.533,42.19
2009-07-10,40004,2009.525,40.07
2009-07-09,40003,2009.522,39.95
2009-07-08,40002,2009.519,38.7
2009-07-07,40001,2009.517,38.8
2009-07-06,40000,2009.514,39.78
2009-07-02,39996,2009.503,39.92
2009-07-01,39995,2009.5,40.62
2009-06-30,39994,2009.497,41.34
2009-06-29,39993,2009.494,41.2
2009-06-26,39990,2009.486,40.37
2009-06-25,39989,2009.483,41.11
2009-06-24,39988,2009.481,39.59
2009-06-23,39987,2009.478,39.57
2009-06-22,39986,2009.475,40.55
2009-06-19,39983,2009.467,41.59
2009-06-18,39982,2009.464,41.31
2009-06-17,39981,2009.461,40.4
2009-06-16,39980,2009.458,37.83
2009-06-15,39979,2009.456,38.16
2009-06-12,39976,2009.447,37.84
2009-06-11,39975,2009.444,37.74
2009-06-10,39974,2009.442,37.86
2009-06-09,39973,2009.439,39.01
2009-06-08,39972,2009.436,38.81
2009-06-05,39969,2009.428,39.19
2009-06-04,39968,2009.425,40.71
2009-06-03,39967,2009.422,40.5
2009-06-02,39966,2009.419,41.17
2009-06-01,39965,2009.417,40.94
2009-05-29,39962,2009.411,39.42
2009-05-28,39961,2009.408,38.54
2009-05-27,39960,2009.406,38.93
2009-05-26,39959,2009.403,40.09
2009-05-22,39955,2009.392,38.8
2009-05-21,39954,2009.389,39.11
2009-05-20,39953,2009.386,40.25
2009-05-19,39952,2009.383,39.63
2009-05-18,39951,2009.381,38.77
2009-05-15,39948,2009.372,38.5
2009-05-14,39947,2009.369,37.08
2009-05-13,39946,2009.367,37.65
2009-05-12,39945,2009.364,40.33
2009-05-11,39944,2009.361,39.6
2009-05-08,39941,2009.353,40.22
2009-05-07,39940,2009.35,39.97
2009-05-06,39939,2009.347,42.99
2009-05-05,39938,2009.344,45.11
2009-05-04,39937,2009.342,44.94
2009-05-01,39934,2009.333,44.48
2009-04-30,39933,2009.331,45.31
2009-04-29,39932,2009.328,45.23
2009-04-28,39931,2009.325,46.18
2009-04-27,39930,2009.322,46.37
2009-04-24,39927,2009.314,42.73
2009-04-23,39926,2009.311,45.32
2009-04-22,39925,2009.308,45.88
2009-04-21,39924,2009.306,46.6
2009-04-20,39923,2009.303,49.61
2009-04-17,39920,2009.294,48.83
2009-04-16,39919,2009.292,48.27
2009-04-15,39918,2009.289,46.59
2009-04-14,39917,2009.286,47.8
2009-04-13,39916,2009.283,49.42
2009-04-09,39912,2009.272,46.95
2009-04-08,39911,2009.269,44.28
2009-04-07,39910,2009.267,43.7
2009-04-06,39909,2009.264,44.5
2009-04-03,39906,2009.256,43.07
2009-04-02,39905,2009.253,43.13
2009-04-01,39904,2009.25,42.87
2009-03-31,39903,2009.25,42.92
2009-03-30,39902,2009.247,42.03
2009-03-27,39899,2009.239,39.68
2009-03-26,39898,2009.236,41.75
2009-03-25,39897,2009.233,41.56
2009-03-24,39896,2009.231,43.42
2009-03-23,39895,2009.228,43.4
2009-03-20,39892,2009.219,41.65
2009-03-19,39891,2009.217,41.51
2009-03-18,39890,2009.214,41.62
2009-03-17,39889,2009.211,40.79
2009-03-16,39888,2009.208,38.66
2009-03-13,39885,2009.2,39.37
2009-03-12,39884,2009.197,39.96
2009-03-11,39883,2009.194,37.49
2009-03-10,39882,2009.192,38.5
2009-03-09,39881,2009.189,38.5
2009-03-06,39878,2009.181,38.18
2009-03-05,39877,2009.178,37.9
2009-03-04,39876,2009.175,37.71
2009-03-03,39875,2009.172,36.36
2009-03-02,39874,2009.169,34.35
2009-02-27,39871,2009.156,36.24
2009-02-26,39870,2009.153,35.78
2009-02-25,39869,2009.15,35.79
2009-02-24,39868,2009.147,36.06
2009-02-23,39867,2009.144,35.58
2009-02-20,39864,2009.136,36.8
2009-02-19,39863,2009.133,37.09
2009-02-18,39862,2009.131,37
2009-02-17,39861,2009.128,37.22
2009-02-13,39857,2009.117,38.54
2009-02-12,39856,2009.114,37.93
2009-02-11,39855,2009.111,36.17
2009-02-10,39854,2009.108,36.17
2009-02-09,39853,2009.106,36.94
2009-02-06,39850,2009.097,37
2009-02-05,39849,2009.094,37.47
2009-02-04,39848,2009.092,36.85
2009-02-03,39847,2009.089,36.74
2009-02-02,39846,2009.086,36.95
2009-01-30,39843,2009.081,36.14
2009-01-29,39842,2009.078,36.88
2009-01-28,39841,2009.075,36.16
2009-01-27,39840,2009.072,34.82
2009-01-26,39839,2009.069,30.15
2009-01-23,39836,2009.061,30.44
2009-01-22,39835,2009.058,30.84
2009-01-21,39834,2009.056,30.69
2009-01-20,39833,2009.053,29.83
2009-01-16,39829,2009.042,31.26
2009-01-15,39828,2009.039,31.62
2009-01-14,39827,2009.036,29.54
2009-01-13,39826,2009.033,30.94
2009-01-12,39825,2009.031,31.21
2009-01-09,39822,2009.022,32.26
2009-01-08,39821,2009.019,33.15
2009-01-07,39820,2009.017,32.71
2009-01-06,39819,2009.014,32.94
2009-01-05,39818,2009.011,31.94
2009-01-02,39815,2009.003,29.87
2008-12-31,39813,2009,29.89
2008-12-30,39812,2008.997,28.66
2008-12-29,39811,2008.994,27.93
2008-12-26,39808,2008.986,28.46
2008-12-24,39806,2008.981,27.41
2008-12-23,39805,2008.978,27.15
2008-12-22,39804,2008.975,27.92
2008-12-19,39801,2008.967,27.69
2008-12-18,39800,2008.964,28.24
2008-12-17,39799,2008.961,28.79
2008-12-16,39798,2008.958,28.65
2008-12-15,39797,2008.956,28.49
2008-12-12,39794,2008.947,28.51
2008-12-11,39793,2008.944,28.14
2008-12-10,39792,2008.942,28.48
2008-12-09,39791,2008.939,28.09
2008-12-08,39790,2008.936,25.51
2008-12-05,39787,2008.928,25.27
2008-12-04,39786,2008.925,23.17
2008-12-03,39785,2008.922,23.81
2008-12-02,39784,2008.919,23.21
2008-12-01,39783,2008.917,22.04
2008-11-28,39780,2008.908,22.98
2008-11-26,39778,2008.903,22.87
2008-11-25,39777,2008.9,21.63
2008-11-24,39776,2008.897,22.21
2008-11-21,39773,2008.889,19.99
2008-11-20,39772,2008.886,18.72
2008-11-19,39771,2008.883,20.55
2008-11-18,39770,2008.881,21.45
2008-11-17,39769,2008.878,21.25
2008-11-14,39766,2008.869,22.03
2008-11-13,39765,2008.867,24.36
2008-11-12,39764,2008.864,20.7
2008-11-11,39763,2008.861,22.02
2008-11-10,39762,2008.858,21.53
2008-11-07,39759,2008.85,21.86
2008-11-06,39758,2008.847,21.48
2008-11-05,39757,2008.844,22.99
2008-11-04,39756,2008.842,24.03
2008-11-03,39755,2008.839,23.36
2008-10-31,39752,2008.833,24.76
2008-10-30,39751,2008.831,22.78
2008-10-29,39750,2008.828,21.76
2008-10-28,39749,2008.825,20.57
2008-10-27,39748,2008.822,17.94
2008-10-24,39745,2008.814,18.95
2008-10-23,39744,2008.811,20.79
2008-10-22,39743,2008.808,20.7
2008-10-21,39742,2008.806,20.85
2008-10-20,39741,2008.803,23.8
2008-10-17,39738,2008.794,23.3
2008-10-16,39737,2008.792,23.45
2008-10-15,39736,2008.789,22.51
2008-10-14,39735,2008.786,24.04
2008-10-13,39734,2008.783,25.4
2008-10-10,39731,2008.775,24.29
2008-10-09,39730,2008.772,22.94
2008-10-08,39729,2008.769,22.74
2008-10-07,39728,2008.767,22.31
2008-10-06,39727,2008.764,26.49
2008-10-03,39724,2008.756,28.97
2008-10-02,39723,2008.753,29.3
2008-10-01,39722,2008.75,30.04
2008-09-30,39721,2008.747,30.88
2008-09-29,39720,2008.744,31.6
2008-09-26,39717,2008.736,32.87
2008-09-25,39716,2008.733,32.97
2008-09-24,39715,2008.731,31.77
2008-09-23,39714,2008.728,31.53
2008-09-22,39713,2008.725,31.71
2008-09-19,39710,2008.717,31.94
2008-09-18,39709,2008.714,31.04
2008-09-17,39708,2008.711,28.86
2008-09-16,39707,2008.708,28.46
2008-09-15,39706,2008.706,28.11
2008-09-12,39703,2008.697,29.45
2008-09-11,39702,2008.694,28.83
2008-09-10,39701,2008.692,28.75
2008-09-09,39700,2008.689,28.74
2008-09-08,39699,2008.686,30.15
2008-09-05,39696,2008.678,29.66
2008-09-04,39695,2008.675,29.87
2008-09-03,39694,2008.672,30.91
2008-09-02,39693,2008.669,30.84
2008-08-29,39689,2008.661,30.84
2008-08-28,39688,2008.658,31.12
2008-08-27,39687,2008.656,30.64
2008-08-26,39686,2008.653,30.09
2008-08-25,39685,2008.65,29.94
2008-08-22,39682,2008.642,30.65
2008-08-21,39681,2008.639,30
2008-08-20,39680,2008.636,30.52
2008-08-19,39679,2008.633,30.11
2008-08-18,39678,2008.631,30.59
2008-08-15,39675,2008.622,31.26
2008-08-14,39674,2008.619,31.84
2008-08-13,39673,2008.617,31.16
2008-08-12,39672,2008.614,30.81
2008-08-11,39671,2008.611,32.2
2008-08-08,39668,2008.603,31.05
2008-08-07,39667,2008.6,30.46
2008-08-06,39666,2008.597,30
2008-08-05,39665,2008.594,29.89
2008-08-04,39664,2008.592,29.83
2008-08-01,39661,2008.583,29.22
2008-07-31,39660,2008.583,30.89
2008-07-30,39659,2008.581,30.53
2008-07-29,39658,2008.578,31.04
2008-07-28,39657,2008.575,28.63
2008-07-25,39654,2008.567,27.85
2008-07-24,39653,2008.564,26.73
2008-07-23,39652,2008.561,27.98
2008-07-22,39651,2008.558,27.22
2008-07-21,39650,2008.556,27.35
2008-07-18,39647,2008.547,27.1
2008-07-17,39646,2008.544,27.78
2008-07-16,39645,2008.542,28.11
2008-07-15,39644,2008.539,27.71
2008-07-14,39643,2008.536,27.81
2008-07-11,39640,2008.528,27.21
2008-07-10,39639,2008.525,27.85
2008-07-09,39638,2008.522,28.62
2008-07-08,39637,2008.519,28.41
2008-07-07,39636,2008.517,28.25
2008-07-03,39632,2008.506,27.28
2008-07-02,39631,2008.503,27.25
2008-07-01,39630,2008.5,27.1
2008-06-30,39629,2008.497,26.07
2008-06-27,39626,2008.489,26.74
2008-06-26,39625,2008.486,28.78
2008-06-25,39624,2008.483,29.6
2008-06-24,39623,2008.481,29
2008-06-23,39622,2008.478,29.61
2008-06-20,39619,2008.469,31.4
2008-06-19,39618,2008.467,32.1
2008-06-18,39617,2008.464,30.18
2008-06-17,39616,2008.461,31.3
2008-06-16,39615,2008.458,31.92
2008-06-13,39612,2008.45,32.22
2008-06-12,39611,2008.447,31.01
2008-06-11,39610,2008.444,30.23
2008-06-10,39609,2008.442,30.63
2008-06-09,39608,2008.439,31.13
2008-06-06,39605,2008.431,31.82
2008-06-05,39604,2008.428,33.17
2008-06-04,39603,2008.425,32.37
2008-06-03,39602,2008.422,31.87
2008-06-02,39601,2008.419,30.89
2008-05-30,39598,2008.414,30.36
2008-05-29,39597,2008.411,30.35
2008-05-28,39596,2008.408,31.12
2008-05-27,39595,2008.406,32.03
2008-05-23,39591,2008.394,31.21
2008-05-22,39590,2008.392,31.71
2008-05-21,39589,2008.389,31.69
2008-05-20,39588,2008.386,31.63
2008-05-19,39587,2008.383,30.98
2008-05-16,39584,2008.375,31.66
2008-05-15,39583,2008.372,29.93
2008-05-14,39582,2008.369,30.4
2008-05-13,39581,2008.367,30.66
2008-05-12,39580,2008.364,30.71
2008-05-09,39577,2008.356,30.72
2008-05-08,39576,2008.353,30.15
2008-05-07,39575,2008.35,30.16
2008-05-06,39574,2008.347,30.94
2008-05-05,39573,2008.344,31
2008-05-02,39570,2008.336,31.1
2008-05-01,39569,2008.333,31
2008-04-30,39568,2008.331,31.98
2008-04-29,39567,2008.328,32.18
2008-04-28,39566,2008.325,33.06
2008-04-25,39563,2008.317,33.96
2008-04-24,39562,2008.314,33.02
2008-04-23,39561,2008.311,31.26
2008-04-22,39560,2008.308,30
2008-04-21,39559,2008.306,39.32
2008-04-18,39556,2008.297,38.56
2008-04-17,39555,2008.294,40.7
2008-04-16,39554,2008.292,38.97
2008-04-15,39553,2008.289,36.48
2008-04-14,39552,2008.286,35.78
2008-04-11,39549,2008.278,35.51
2008-04-10,39548,2008.275,36.57
2008-04-09,39547,2008.272,36.42
2008-04-08,39546,2008.269,36.9
2008-04-07,39545,2008.267,35.9
2008-04-04,39542,2008.258,36.21
2008-04-03,39541,2008.256,37.33
2008-04-02,39540,2008.253,36.35
2008-04-01,39539,2008.25,36.51
2008-03-31,39538,2008.25,34.65
2008-03-28,39535,2008.242,35.59
2008-03-27,39534,2008.239,36.36
2008-03-26,39533,2008.236,37.86
2008-03-25,39532,2008.233,37.12
2008-03-24,39531,2008.231,38.17
2008-03-20,39527,2008.219,36.24
2008-03-19,39526,2008.217,34.87
2008-03-18,39525,2008.214,35
2008-03-17,39524,2008.211,32.99
2008-03-14,39521,2008.203,33.26
2008-03-13,39520,2008.2,34.21
2008-03-12,39519,2008.197,34.04
2008-03-11,39518,2008.194,33.08
2008-03-10,39517,2008.192,33.21
2008-03-07,39514,2008.183,31.26
2008-03-06,39513,2008.181,30.62
2008-03-05,39512,2008.178,32.1
2008-03-04,39511,2008.175,31.52
2008-03-03,39510,2008.172,30.94
2008-02-29,39507,2008.161,31.58
2008-02-28,39506,2008.158,31.54
2008-02-27,39505,2008.156,32.43
2008-02-26,39504,2008.153,29
2008-02-25,39503,2008.15,28
2008-02-22,39500,2008.142,27.8
2008-02-21,39499,2008.139,27.87
2008-02-20,39498,2008.136,27.47
2008-02-19,39497,2008.133,26.79
2008-02-15,39493,2008.122,26.6
2008-02-14,39492,2008.119,26.75
2008-02-13,39491,2008.117,27.31
2008-02-12,39490,2008.114,26.9
2008-02-11,39489,2008.111,26.89
2008-02-08,39486,2008.103,26.88
2008-02-07,39485,2008.1,26.85
2008-02-06,39484,2008.097,26.02
2008-02-05,39483,2008.094,25.26
2008-02-04,39482,2008.092,25.89
2008-02-01,39479,2008.083,25.39
2008-01-31,39478,2008.083,25.15
2008-01-30,39477,2008.081,22.94
2008-01-29,39476,2008.078,23.16
2008-01-28,39475,2008.075,22.99
2008-01-25,39472,2008.067,21.77
2008-01-24,39471,2008.064,21.94
2008-01-23,39470,2008.061,23.76
2008-01-22,39469,2008.058,22.23
2008-01-18,39465,2008.047,21.85
2008-01-17,39464,2008.044,21.77
2008-01-16,39463,2008.042,22.07
2008-01-15,39462,2008.039,22.05
2008-01-14,39461,2008.036,22.77
2008-01-11,39458,2008.028,23.41
2008-01-10,39457,2008.025,24.7
2008-01-09,39456,2008.022,23
2008-01-08,39455,2008.019,23.3
2008-01-07,39454,2008.017,24.88
2008-01-04,39451,2008.008,24.61
2008-01-03,39450,2008.006,26.07
2008-01-02,39449,2008.003,26.35
2007-12-31,39447,2008,26.62
2007-12-28,39444,2007.992,26.93
2007-12-27,39443,2007.989,27.45
2007-12-26,39442,2007.986,28.7
2007-12-24,39440,2007.981,27.91
2007-12-21,39437,2007.972,28.1
2007-12-20,39436,2007.969,27.24
2007-12-19,39435,2007.967,24.87
2007-12-18,39434,2007.964,24.18
2007-12-17,39433,2007.961,23.1
2007-12-14,39430,2007.953,23.52
2007-12-13,39429,2007.95,23.04
2007-12-12,39428,2007.947,23.16
2007-12-11,39427,2007.944,23.3
2007-12-10,39426,2007.942,23.49
2007-12-07,39423,2007.933,23.57
2007-12-06,39422,2007.931,23.9
2007-12-05,39421,2007.928,23.93
2007-12-04,39420,2007.925,23.75
2007-12-03,39419,2007.922,23.78
2007-11-30,39416,2007.914,23.1
2007-11-29,39415,2007.911,23.12
2007-11-28,39414,2007.908,23.01
2007-11-27,39413,2007.906,22.34
2007-11-26,39412,2007.903,21.47
2007-11-23,39409,2007.894,21.75
2007-11-21,39407,2007.889,21.55
2007-11-20,39406,2007.886,22.63
2007-11-19,39405,2007.883,23.21
2007-11-16,39402,2007.875,23.8
2007-11-15,39401,2007.872,24.06
2007-11-14,39400,2007.869,24.84
2007-11-13,39399,2007.867,25.41
2007-11-12,39398,2007.864,24.51
2007-11-09,39395,2007.856,25.25
2007-11-08,39394,2007.853,27.19
2007-11-07,39393,2007.85,26.88
2007-11-06,39392,2007.847,27.23
2007-11-05,39391,2007.844,26.51
2007-11-02,39388,2007.836,26.26
2007-11-01,39387,2007.833,26.29
2007-10-31,39386,2007.833,26.47
2007-10-30,39385,2007.831,26.44
2007-10-29,39384,2007.828,26.37
2007-10-26,39381,2007.819,25.22
2007-10-25,39380,2007.817,25.33
2007-10-24,39379,2007.814,25.25
2007-10-23,39378,2007.811,25.99
2007-10-22,39377,2007.808,23.01
2007-10-19,39374,2007.8,23.24
2007-10-18,39373,2007.797,24.03
2007-10-17,39372,2007.794,24.28
2007-10-16,39371,2007.792,23.97
2007-10-15,39370,2007.789,23.96
2007-10-12,39367,2007.781,23
2007-10-11,39366,2007.778,22.91
2007-10-10,39365,2007.775,23.42
2007-10-09,39364,2007.772,22.79
2007-10-08,39363,2007.769,22.27
2007-10-05,39360,2007.761,22
2007-10-04,39359,2007.758,21.14
2007-10-03,39358,2007.756,21.08
2007-10-02,39357,2007.753,21.2
2007-10-01,39356,2007.75,21.22
2007-09-28,39353,2007.742,20.75
2007-09-27,39352,2007.739,21.36
2007-09-26,39351,2007.736,21.94
2007-09-25,39350,2007.733,21.01
2007-09-24,39349,2007.731,19.29
2007-09-21,39346,2007.722,19.19
2007-09-20,39345,2007.719,19.48
2007-09-19,39344,2007.717,19.64
2007-09-18,39343,2007.714,19.23
2007-09-17,39342,2007.711,18.41
2007-09-14,39339,2007.703,17.72
2007-09-13,39338,2007.7,17.34
2007-09-12,39337,2007.697,17.36
2007-09-11,39336,2007.694,17.67
2007-09-10,39335,2007.692,17.4
2007-09-07,39332,2007.683,18.04
2007-09-06,39331,2007.681,17.99
2007-09-05,39330,2007.678,17.92
2007-09-04,39329,2007.675,18.14
2007-08-31,39325,2007.667,17.52
2007-08-30,39324,2007.664,17.2
2007-08-29,39323,2007.661,17.5
2007-08-28,39322,2007.658,16.98
2007-08-27,39321,2007.656,17.14
2007-08-24,39318,2007.647,17.8
2007-08-23,39317,2007.644,17.25
2007-08-22,39316,2007.642,17.43
2007-08-21,39315,2007.639,17.3
2007-08-20,39314,2007.636,17.17
2007-08-17,39311,2007.628,17.24
2007-08-16,39310,2007.625,16.9
2007-08-15,39309,2007.622,17.44
2007-08-14,39308,2007.619,17.46
2007-08-13,39307,2007.617,17.36
2007-08-10,39304,2007.608,17.89
2007-08-09,39303,2007.606,17.77
2007-08-08,39302,2007.603,17.97
2007-08-07,39301,2007.6,17.35
2007-08-06,39300,2007.597,16.96
2007-08-03,39297,2007.589,16.57
2007-08-02,39296,2007.586,17.11
2007-08-01,39295,2007.583,17.16
2007-07-31,39294,2007.583,17.23
2007-07-30,39293,2007.581,17.39
2007-07-27,39290,2007.572,17.1
2007-07-26,39289,2007.569,17.84
2007-07-25,39288,2007.567,16.7
2007-07-24,39287,2007.564,16.07
2007-07-23,39286,2007.561,17.27
2007-07-20,39283,2007.553,19.63
2007-07-19,39282,2007.55,19.94
2007-07-18,39281,2007.547,20.12
2007-07-17,39280,2007.544,20.21
2007-07-16,39279,2007.542,20.06
2007-07-13,39276,2007.533,20.14
2007-07-12,39275,2007.531,20.11
2007-07-11,39274,2007.528,20.01
2007-07-10,39273,2007.525,20.12
2007-07-09,39272,2007.522,20.43
2007-07-06,39269,2007.514,20.39
2007-07-05,39268,2007.511,19.82
2007-07-03,39266,2007.506,19.77
2007-07-02,39265,2007.503,19.48
2007-06-29,39262,2007.494,19.39
2007-06-28,39261,2007.492,19.85
2007-06-27,39260,2007.489,20.78
2007-06-26,39259,2007.486,19.52
2007-06-25,39258,2007.483,19.62
2007-06-22,39255,2007.475,19.68
2007-06-21,39254,2007.472,19.99
2007-06-20,39253,2007.469,19.55
2007-06-19,39252,2007.467,19.93
2007-06-18,39251,2007.464,20.02
2007-06-15,39248,2007.456,19.71
2007-06-14,39247,2007.453,19.18
2007-06-13,39246,2007.45,19.42
2007-06-12,39245,2007.447,20.08
2007-06-11,39244,2007.444,21.93
2007-06-08,39241,2007.436,23.43
2007-06-07,39240,2007.433,23.93
2007-06-06,39239,2007.431,22.6
2007-06-05,39238,2007.428,21.39
2007-06-04,39237,2007.425,21.48
2007-06-01,39234,2007.417,21.57
2007-05-31,39233,2007.417,21.9
2007-05-30,39232,2007.414,22.06
2007-05-29,39231,2007.411,21.85
2007-05-25,39227,2007.4,22.52
2007-05-24,39226,2007.397,22.54
2007-05-23,39225,2007.394,23.19
2007-05-22,39224,2007.392,23
2007-05-21,39223,2007.389,22.5
2007-05-18,39220,2007.381,21.94
2007-05-17,39219,2007.378,21.82
2007-05-16,39218,2007.375,21.72
2007-05-15,39217,2007.372,21.75
2007-05-14,39216,2007.369,21.96
2007-05-11,39213,2007.361,22.06
2007-05-10,39212,2007.358,21.91
2007-05-09,39211,2007.356,22.11
2007-05-08,39210,2007.353,22.14
2007-05-07,39209,2007.35,22.22
2007-05-04,39206,2007.342,22.16
2007-05-03,39205,2007.339,22.29
2007-05-02,39204,2007.336,22.11
2007-05-01,39203,2007.333,22.15
2007-04-30,39202,2007.331,22.17
2007-04-27,39199,2007.322,22.21
2007-04-26,39198,2007.319,22.13
2007-04-25,39197,2007.317,21.56
2007-04-24,39196,2007.314,21.62
2007-04-23,39195,2007.311,21.73
2007-04-20,39192,2007.303,22.1
2007-04-19,39191,2007.3,21.51
2007-04-18,39190,2007.297,21.7
2007-04-17,39189,2007.294,23.96
2007-04-16,39188,2007.292,24.52
2007-04-13,39185,2007.283,24.6
2007-04-12,39184,2007.281,24.6
2007-04-11,39183,2007.278,24.6
2007-04-10,39182,2007.275,24.86
2007-04-09,39181,2007.272,24.34
2007-04-05,39177,2007.261,24.2
2007-04-04,39176,2007.258,24.53
2007-04-03,39175,2007.256,23.78
2007-04-02,39174,2007.253,23.48
2007-03-30,39171,2007.247,23.19
2007-03-29,39170,2007.244,23.45
2007-03-28,39169,2007.242,23.38
2007-03-27,39168,2007.239,23.58
2007-03-26,39167,2007.236,23.26
2007-03-23,39164,2007.228,23.73
2007-03-22,39163,2007.225,23.1
2007-03-21,39162,2007.222,23.05
2007-03-20,39161,2007.219,22.48
2007-03-19,39160,2007.217,21.36
2007-03-16,39157,2007.208,21.02
2007-03-15,39156,2007.206,21.16
2007-03-14,39155,2007.203,21.11
2007-03-13,39154,2007.2,20.55
2007-03-12,39153,2007.197,21.08
2007-03-09,39150,2007.189,21.06
2007-03-08,39149,2007.186,21.24
2007-03-07,39148,2007.183,21.18
2007-03-06,39147,2007.181,21.44
2007-03-05,39146,2007.178,21.06
2007-03-02,39143,2007.169,22.29
2007-03-01,39142,2007.167,22.83
2007-02-28,39141,2007.158,22.53
2007-02-27,39140,2007.156,22.1
2007-02-26,39139,2007.153,23.13
2007-02-23,39136,2007.144,23.53
2007-02-22,39135,2007.142,23.75
2007-02-21,39134,2007.139,23.39
2007-02-20,39133,2007.136,23.51
2007-02-16,39129,2007.125,22.87
2007-02-15,39128,2007.122,22.5
2007-02-14,39127,2007.119,22.6
2007-02-13,39126,2007.117,22.9
2007-02-12,39125,2007.114,23.13
2007-02-09,39122,2007.106,23.11
2007-02-08,39121,2007.103,23.75
2007-02-07,39120,2007.1,22.9
2007-02-06,39119,2007.097,22.32
2007-02-05,39118,2007.094,22.6
2007-02-02,39115,2007.086,22.84
2007-02-01,39114,2007.083,22.73
2007-01-31,39113,2007.083,22.81
2007-01-30,39112,2007.081,22.93
2007-01-29,39111,2007.078,22.55
2007-01-26,39108,2007.069,23.15
2007-01-25,39107,2007.067,23.25
2007-01-24,39106,2007.064,22.75
2007-01-23,39105,2007.061,21.76
2007-01-22,39104,2007.058,21.9
2007-01-19,39101,2007.05,22.56
2007-01-18,39100,2007.047,22.25
2007-01-17,39099,2007.044,22.83
2007-01-16,39098,2007.042,22.74
2007-01-12,39094,2007.031,22.71
2007-01-11,39093,2007.028,24.24
2007-01-10,39092,2007.025,24.07
2007-01-09,39091,2007.022,23.99
2007-01-08,39090,2007.019,23.83
2007-01-05,39087,2007.011,24.81
2007-01-04,39086,2007.008,25.35
2007-01-03,39085,2007.006,26.61
2006-12-29,39080,2006.994,25.86
2006-12-28,39079,2006.992,26.1
2006-12-27,39078,2006.989,26.49
2006-12-26,39077,2006.986,26.84
2006-12-22,39073,2006.975,26.2
2006-12-21,39072,2006.972,26.79
2006-12-20,39071,2006.969,27.36
2006-12-19,39070,2006.967,27.06
2006-12-18,39069,2006.964,26.64
2006-12-15,39066,2006.956,27.6
2006-12-14,39065,2006.953,27.76
2006-12-13,39064,2006.95,28.4
2006-12-12,39063,2006.947,28.37
2006-12-11,39062,2006.944,28.47
2006-12-08,39059,2006.936,27.65
2006-12-07,39058,2006.933,27.73
2006-12-06,39057,2006.931,28.48
2006-12-05,39056,2006.928,28.99
2006-12-04,39055,2006.925,28.93
2006-12-01,39052,2006.917,29.46
2006-11-30,39051,2006.914,29.28
2006-11-29,39050,2006.911,29.19
2006-11-28,39049,2006.908,28.84
2006-11-27,39048,2006.906,28.97
2006-11-24,39045,2006.897,29.36
2006-11-22,39043,2006.892,29.59
2006-11-21,39042,2006.889,29.27
2006-11-20,39041,2006.886,29.08
2006-11-17,39038,2006.878,28.92
2006-11-16,39037,2006.875,29.27
2006-11-15,39036,2006.872,29.75
2006-11-14,39035,2006.869,29.09
2006-11-13,39034,2006.867,29.49
2006-11-10,39031,2006.858,29.38
2006-11-09,39030,2006.856,28.92
2006-11-08,39029,2006.853,28.88
2006-11-07,39028,2006.85,27.64
2006-11-06,39027,2006.847,27.26
2006-11-03,39024,2006.839,26.7
2006-11-02,39023,2006.836,26.7
2006-11-01,39022,2006.833,27.55
2006-10-31,39021,2006.833,27.66
2006-10-30,39020,2006.831,27.91
2006-10-27,39017,2006.822,27.59
2006-10-26,39016,2006.819,27.75
2006-10-25,39015,2006.817,27.74
2006-10-24,39014,2006.814,27.37
2006-10-23,39013,2006.811,23.08
2006-10-20,39010,2006.803,22.24
2006-10-19,39009,2006.8,22.14
2006-10-18,39008,2006.797,22.39
2006-10-17,39007,2006.794,22.73
2006-10-16,39006,2006.792,23.22
2006-10-13,39003,2006.783,23.2
2006-10-12,39002,2006.781,23.41
2006-10-11,39001,2006.778,23.38
2006-10-10,39000,2006.775,23.62
2006-10-09,38999,2006.772,24
2006-10-06,38996,2006.764,24.11
2006-10-05,38995,2006.761,23.85
2006-10-04,38994,2006.758,23.2
2006-10-03,38993,2006.756,23.04
2006-10-02,38992,2006.753,22.81
2006-09-29,38989,2006.744,22.78
2006-09-28,38988,2006.742,23.11
2006-09-27,38987,2006.739,23.19
2006-09-26,38986,2006.736,22.98
2006-09-25,38985,2006.733,23.1
2006-09-22,38982,2006.725,23.01
2006-09-21,38981,2006.722,22.93
2006-09-20,38980,2006.719,22.47
2006-09-19,38979,2006.717,21.95
2006-09-18,38978,2006.714,22.33
2006-09-15,38975,2006.706,22.72
2006-09-14,38974,2006.703,22.48
2006-09-13,38973,2006.7,22.26
2006-09-12,38972,2006.697,21.75
2006-09-11,38971,2006.694,20.62
2006-09-08,38968,2006.686,20.24
2006-09-07,38967,2006.683,20.32
2006-09-06,38966,2006.681,21.02
2006-09-05,38965,2006.678,20.23
2006-09-01,38961,2006.667,20.02
2006-08-31,38960,2006.667,20.02
2006-08-30,38959,2006.664,20.09
2006-08-29,38958,2006.661,19.36
2006-08-28,38957,2006.658,19.25
2006-08-25,38954,2006.65,18.72
2006-08-24,38953,2006.647,18.57
2006-08-23,38952,2006.644,18.68
2006-08-22,38951,2006.642,18.74
2006-08-21,38950,2006.639,19.52
2006-08-18,38947,2006.631,19.85
2006-08-17,38946,2006.628,20.03
2006-08-16,38945,2006.625,19.77
2006-08-15,38944,2006.622,19.95
2006-08-14,38943,2006.619,19.91
2006-08-11,38940,2006.611,19.88
2006-08-10,38939,2006.608,20.15
2006-08-09,38938,2006.606,20.16
2006-08-08,38937,2006.603,20.3
2006-08-07,38936,2006.6,20.68
2006-08-04,38933,2006.592,20.96
2006-08-03,38932,2006.589,20.39
2006-08-02,38931,2006.586,20.84
2006-08-01,38930,2006.583,20.5
2006-07-31,38929,2006.583,20.69
2006-07-28,38926,2006.575,20.85
2006-07-27,38925,2006.572,20.22
2006-07-26,38924,2006.569,19.03
2006-07-25,38923,2006.567,18.78
2006-07-24,38922,2006.564,23.76
2006-07-21,38919,2006.556,23.05
2006-07-20,38918,2006.553,23.35
2006-07-19,38917,2006.55,23.69
2006-07-18,38916,2006.547,23.4
2006-07-17,38915,2006.544,23.81
2006-07-14,38912,2006.536,24.19
2006-07-13,38911,2006.533,24.9
2006-07-12,38910,2006.531,24.59
2006-07-11,38909,2006.528,25.33
2006-07-10,38908,2006.525,26.45
2006-07-07,38905,2006.517,26.65
2006-07-06,38904,2006.514,26.62
2006-07-05,38903,2006.511,26.64
2006-07-03,38901,2006.506,27.24
2006-06-30,38898,2006.497,27.21
2006-06-29,38897,2006.494,27.16
2006-06-28,38896,2006.492,26.56
2006-06-27,38895,2006.489,26.91
2006-06-26,38894,2006.486,27.7
2006-06-23,38891,2006.478,27.34
2006-06-22,38890,2006.475,27.67
2006-06-21,38889,2006.472,27.17
2006-06-20,38888,2006.469,27.08
2006-06-19,38887,2006.467,28.02
2006-06-16,38884,2006.458,27.12
2006-06-15,38883,2006.456,27.7
2006-06-14,38882,2006.453,27.99
2006-06-13,38881,2006.45,27.54
2006-06-12,38880,2006.447,27.08
2006-06-09,38877,2006.439,27.53
2006-06-08,38876,2006.436,27.78
2006-06-07,38875,2006.433,26.4
2006-06-06,38874,2006.431,26.89
2006-06-05,38873,2006.428,27.28
2006-06-02,38870,2006.419,27.95
2006-06-01,38869,2006.417,28.51
2006-05-31,38868,2006.417,27.69
2006-05-30,38867,2006.414,27.5
2006-05-26,38863,2006.403,28.83
2006-05-25,38862,2006.4,28.75
2006-05-24,38861,2006.397,27.94
2006-05-23,38860,2006.394,27.93
2006-05-22,38859,2006.392,28
2006-05-19,38856,2006.383,27.87
2006-05-18,38855,2006.381,27.71
2006-05-17,38854,2006.378,28.09
2006-05-16,38853,2006.375,28.66
2006-05-15,38852,2006.372,28.45
2006-05-12,38849,2006.364,29.59
2006-05-11,38848,2006.361,29.76
2006-05-10,38847,2006.358,30.91
2006-05-09,38846,2006.356,30.72
2006-05-08,38845,2006.353,30
2006-05-05,38842,2006.344,30.3
2006-05-04,38841,2006.342,29.99
2006-05-03,38840,2006.339,29.71
2006-05-02,38839,2006.336,30.2
2006-05-01,38838,2006.333,29.6
2006-04-28,38835,2006.325,29.64
2006-04-27,38834,2006.322,31.29
2006-04-26,38833,2006.319,31.48
2006-04-25,38832,2006.317,31.68
2006-04-24,38831,2006.314,31.24
2006-04-21,38828,2006.306,30.8
2006-04-20,38827,2006.303,31.11
2006-04-19,38826,2006.3,31.08
2006-04-18,38825,2006.297,29.8
2006-04-17,38824,2006.294,29.2
2006-04-13,38820,2006.283,29.19
2006-04-12,38819,2006.281,28.72
2006-04-11,38818,2006.278,28.52
2006-04-10,38817,2006.275,28.25
2006-04-07,38814,2006.267,27.94
2006-04-06,38813,2006.264,28.25
2006-04-05,38812,2006.261,28.66
2006-04-04,38811,2006.258,27.41
2006-04-03,38810,2006.256,28.13
2006-03-31,38807,2006.25,28.99
2006-03-30,38806,2006.247,28.64
2006-03-29,38805,2006.244,29.21
2006-03-28,38804,2006.242,28.03
2006-03-27,38803,2006.239,28.89
2006-03-24,38800,2006.231,28.67
2006-03-23,38799,2006.228,28.29
2006-03-22,38798,2006.225,28.05
2006-03-21,38797,2006.222,27.17
2006-03-20,38796,2006.219,27.08
2006-03-17,38793,2006.211,26.17
2006-03-16,38792,2006.208,25.47
2006-03-15,38791,2006.206,25.11
2006-03-14,38790,2006.203,25.42
2006-03-13,38789,2006.2,25.1
2006-03-10,38786,2006.192,25.55
2006-03-09,38785,2006.189,25.25
2006-03-08,38784,2006.186,25.13
2006-03-07,38783,2006.183,25.46
2006-03-06,38782,2006.181,25.62
2006-03-03,38779,2006.172,26.76
2006-03-02,38778,2006.169,26.81
2006-03-01,38777,2006.167,26.85
2006-02-28,38776,2006.158,26.81
2006-02-27,38775,2006.156,26.53
2006-02-24,38772,2006.147,25.98
2006-02-23,38771,2006.144,25.71
2006-02-22,38770,2006.142,26.37
2006-02-21,38769,2006.139,25.74
2006-02-17,38765,2006.128,24.98
2006-02-16,38764,2006.125,25.15
2006-02-15,38763,2006.122,24.95
2006-02-14,38762,2006.119,24.59
2006-02-13,38761,2006.117,25.23
2006-02-10,38758,2006.108,25.43
2006-02-09,38757,2006.106,24.58
2006-02-08,38756,2006.103,25.14
2006-02-07,38755,2006.1,25.92
2006-02-06,38754,2006.097,26.28
2006-02-03,38751,2006.089,26.11
2006-02-02,38750,2006.086,26.1
2006-02-01,38749,2006.083,27.11
2006-01-31,38748,2006.083,27.55
2006-01-30,38747,2006.081,27.6
2006-01-27,38744,2006.072,27.82
2006-01-26,38743,2006.069,29
2006-01-25,38742,2006.067,28.59
2006-01-24,38741,2006.064,24.74
2006-01-23,38740,2006.061,23.28
2006-01-20,38737,2006.053,23.47
2006-01-19,38736,2006.05,25.42
2006-01-18,38735,2006.047,24.85
2006-01-17,38734,2006.044,25.76
2006-01-13,38730,2006.033,25.56
2006-01-12,38729,2006.031,25.72
2006-01-11,38728,2006.028,24.85
2006-01-10,38727,2006.025,25.43
2006-01-09,38726,2006.022,25
2006-01-06,38723,2006.014,25.03
2006-01-05,38722,2006.011,24.93
2006-01-04,38721,2006.008,25
2006-01-03,38720,2006.006,26.05
2005-12-30,38716,2005.997,27.06
2005-12-29,38715,2005.994,27.25
2005-12-28,38714,2005.992,27.2
2005-12-27,38713,2005.989,26.98
2005-12-23,38709,2005.978,27.73
2005-12-22,38708,2005.975,27.6
2005-12-21,38707,2005.972,27.39
2005-12-20,38706,2005.969,25.11
2005-12-19,38705,2005.967,25.62
2005-12-16,38702,2005.958,26.3
2005-12-15,38701,2005.956,25.94
2005-12-14,38700,2005.953,24.43
2005-12-13,38699,2005.95,24.05
2005-12-12,38698,2005.947,25.1
2005-12-09,38695,2005.939,25.74
2005-12-08,38694,2005.936,27.5
2005-12-07,38693,2005.933,27.38
2005-12-06,38692,2005.931,27.75
2005-12-05,38691,2005.928,27.7
2005-12-02,38688,2005.919,27.69
2005-12-01,38687,2005.917,27.11
2005-11-30,38686,2005.914,27.54
2005-11-29,38685,2005.911,27
2005-11-28,38684,2005.908,27.58
2005-11-25,38681,2005.9,29.25
2005-11-23,38679,2005.894,29.02
2005-11-22,38678,2005.892,29.2
2005-11-21,38677,2005.889,28.71
2005-11-18,38674,2005.881,28.42
2005-11-17,38673,2005.878,28.75
2005-11-16,38672,2005.875,27.74
2005-11-15,38671,2005.872,27.95
2005-11-14,38670,2005.869,29.02
2005-11-11,38667,2005.861,30.07
2005-11-10,38666,2005.858,29.55
2005-11-09,38665,2005.856,28.15
2005-11-08,38664,2005.853,28.56
2005-11-07,38663,2005.85,27.81
2005-11-04,38660,2005.842,27.59
2005-11-03,38659,2005.839,27.08
2005-11-02,38658,2005.836,27.12
2005-11-01,38657,2005.833,25.68
2005-10-31,38656,2005.833,26.41
2005-10-28,38653,2005.825,26.28
2005-10-27,38652,2005.822,25.9
2005-10-26,38651,2005.819,24.98
2005-10-25,38650,2005.817,27.41
2005-10-24,38649,2005.814,26.97
2005-10-21,38646,2005.806,26.15
2005-10-20,38645,2005.803,25.63
2005-10-19,38644,2005.8,28.35
2005-10-18,38643,2005.797,27.45
2005-10-17,38642,2005.794,29.1
2005-10-14,38639,2005.786,28.76
2005-10-13,38638,2005.783,27.9
2005-10-12,38637,2005.781,27.51
2005-10-11,38636,2005.778,28.21
2005-10-10,38635,2005.775,28.69
2005-10-07,38632,2005.767,27.25
2005-10-06,38631,2005.764,25.68
2005-10-05,38630,2005.761,25.99
2005-10-04,38629,2005.758,26.99
2005-10-03,38628,2005.756,26.64
2005-09-30,38625,2005.747,25.99
2005-09-29,38624,2005.744,24.4
2005-09-28,38623,2005.742,24.24
2005-09-27,38622,2005.739,24.3
2005-09-26,38621,2005.736,23.97
2005-09-23,38618,2005.728,24.17
2005-09-22,38617,2005.725,23.62
2005-09-21,38616,2005.722,22.67
2005-09-20,38615,2005.719,23.18
2005-09-19,38614,2005.717,23.27
2005-09-16,38611,2005.708,24.2
2005-09-15,38610,2005.706,23.42
2005-09-14,38609,2005.703,23.67
2005-09-13,38608,2005.7,24.37
2005-09-12,38607,2005.697,25.21
2005-09-09,38604,2005.689,24.97
2005-09-08,38603,2005.686,24.09
2005-09-07,38602,2005.683,22.59
2005-09-06,38601,2005.681,22.76
2005-09-02,38597,2005.669,21.54
2005-09-01,38596,2005.667,21.45
2005-08-31,38595,2005.667,21.56
2005-08-30,38594,2005.664,21.4
2005-08-29,38593,2005.661,21.94
2005-08-26,38590,2005.653,21.19
2005-08-25,38589,2005.65,21.06
2005-08-24,38588,2005.647,21.04
2005-08-23,38587,2005.644,21.1
2005-08-22,38586,2005.642,21.45
2005-08-19,38583,2005.633,21.38
2005-08-18,38582,2005.631,21.41
2005-08-17,38581,2005.628,21.89
2005-08-16,38580,2005.625,22.24
2005-08-15,38579,2005.622,21.97
2005-08-12,38576,2005.614,22.1
2005-08-11,38575,2005.611,21
2005-08-10,38574,2005.608,20.87
2005-08-09,38573,2005.606,21.34
2005-08-08,38572,2005.603,21.76
2005-08-05,38569,2005.594,20.97
2005-08-04,38568,2005.592,20.64
2005-08-03,38567,2005.589,20.89
2005-08-02,38566,2005.586,19.57
2005-08-01,38565,2005.583,19.34
2005-07-29,38562,2005.578,18.56
2005-07-28,38561,2005.575,18.91
2005-07-27,38560,2005.572,19.52
2005-07-26,38559,2005.569,19.01
2005-07-25,38558,2005.567,16.96
2005-07-22,38555,2005.558,16.4
2005-07-21,38554,2005.556,16.65
2005-07-20,38553,2005.553,16.89
2005-07-19,38552,2005.55,16.39
2005-07-18,38551,2005.547,16.28
2005-07-15,38548,2005.539,16.4
2005-07-14,38547,2005.536,16.5
2005-07-13,38546,2005.533,16.53
2005-07-12,38545,2005.531,16.85
2005-07-11,38544,2005.528,17.21
2005-07-08,38541,2005.519,16.71
2005-07-07,38540,2005.517,16.93
2005-07-06,38539,2005.514,16.73
2005-07-05,38538,2005.511,16.44
2005-07-01,38534,2005.5,16.55
2005-06-30,38533,2005.497,16.41
2005-06-29,38532,2005.494,16.34
2005-06-28,38531,2005.492,16.08
2005-06-27,38530,2005.489,15.99
2005-06-24,38527,2005.481,15.77
2005-06-23,38526,2005.478,16.05
2005-06-22,38525,2005.475,16.52
2005-06-21,38524,2005.472,16.66
2005-06-20,38523,2005.469,17.19
2005-06-17,38520,2005.461,17.22
2005-06-16,38519,2005.458,17.63
2005-06-15,38518,2005.456,17.15
2005-06-14,38517,2005.453,17
2005-06-13,38516,2005.45,16.66
2005-06-10,38513,2005.442,16.91
2005-06-09,38512,2005.439,15.65
2005-06-08,38511,2005.436,14.86
2005-06-07,38510,2005.433,15
2005-06-06,38509,2005.431,15.22
2005-06-03,38506,2005.422,14.67
2005-06-02,38505,2005.419,14.88
2005-06-01,38504,2005.417,14.5
2005-05-31,38503,2005.417,14.29
2005-05-27,38499,2005.406,14.55
2005-05-26,38498,2005.403,14.64
2005-05-25,38497,2005.4,14.54
2005-05-24,38496,2005.397,14.44
2005-05-23,38495,2005.394,15.55
2005-05-20,38492,2005.386,15.93
2005-05-19,38491,2005.383,16.13
2005-05-18,38490,2005.381,15.5
2005-05-17,38489,2005.378,14.48
2005-05-16,38488,2005.375,14.85
2005-05-13,38485,2005.367,14.28
2005-05-12,38484,2005.364,13.83
2005-05-11,38483,2005.361,12.95
2005-05-10,38482,2005.358,11.58
2005-05-09,38481,2005.356,11.61
2005-05-06,38478,2005.347,11.57
2005-05-05,38477,2005.344,11.44
2005-05-04,38476,2005.342,11.6
2005-05-03,38475,2005.339,11.54
2005-05-02,38474,2005.336,11.57
2005-04-29,38471,2005.328,11.55
2005-04-28,38470,2005.325,11.51
2005-04-27,38469,2005.322,11.5
2005-04-26,38468,2005.319,11.3
2005-04-25,38467,2005.317,11.5
2005-04-22,38464,2005.308,11.2
2005-04-21,38463,2005.306,12.15
2005-04-20,38462,2005.303,11.45
2005-04-19,38461,2005.3,11.62
2005-04-18,38460,2005.297,11.33
2005-04-15,38457,2005.289,11.69
2005-04-14,38456,2005.286,11.98
2005-04-13,38455,2005.283,12.11
2005-04-12,38454,2005.281,11.67
2005-04-11,38453,2005.278,11.89
2005-04-08,38450,2005.269,12.01
2005-04-07,38449,2005.267,11.24
2005-04-06,38448,2005.264,11.1
2005-04-05,38447,2005.261,10.82
2005-04-04,38446,2005.258,10.96
2005-04-01,38443,2005.25,10.83
2005-03-31,38442,2005.25,10.85
2005-03-30,38441,2005.247,10.25
2005-03-29,38440,2005.244,10.1
2005-03-28,38439,2005.242,9.78
2005-03-24,38435,2005.231,9.03
2005-03-23,38434,2005.228,9.19
2005-03-22,38433,2005.225,9.15
2005-03-21,38432,2005.222,9.31
2005-03-18,38429,2005.214,9.2
2005-03-17,38428,2005.211,9.2
2005-03-16,38427,2005.208,9.17
2005-03-15,38426,2005.206,9.2
2005-03-14,38425,2005.203,9.5
2005-03-11,38422,2005.194,9.43
2005-03-10,38421,2005.192,9.89
2005-03-09,38420,2005.189,10.01
2005-03-08,38419,2005.186,10.12
2005-03-07,38418,2005.183,10.59
2005-03-04,38415,2005.175,10.7
2005-03-03,38414,2005.172,10.56
2005-03-02,38413,2005.169,10.68
2005-03-01,38412,2005.167,10.79
2005-02-28,38411,2005.158,10.7
2005-02-25,38408,2005.15,10.99
2005-02-24,38407,2005.147,10.4
2005-02-23,38406,2005.144,10.19
2005-02-22,38405,2005.142,10.21
2005-02-18,38401,2005.131,10.67
2005-02-17,38400,2005.128,10.5
2005-02-16,38399,2005.125,10.95
2005-02-15,38398,2005.122,11.25
2005-02-14,38397,2005.119,11.16
2005-02-11,38394,2005.111,11.15
2005-02-10,38393,2005.108,11.33
2005-02-09,38392,2005.106,11.47
2005-02-08,38391,2005.103,11.5
2005-02-07,38390,2005.1,11.53
2005-02-04,38387,2005.092,12.02
2005-02-03,38386,2005.089,11.9
2005-02-02,38385,2005.086,11.22
2005-02-01,38384,2005.083,11.48
2005-01-31,38383,2005.083,11.5
2005-01-28,38380,2005.075,11.44
2005-01-27,38379,2005.072,11.21
2005-01-26,38378,2005.069,11.03
2005-01-25,38377,2005.067,11.33
2005-01-24,38376,2005.064,11.14
2005-01-21,38373,2005.056,11.04
2005-01-20,38372,2005.053,11.09
2005-01-19,38371,2005.05,11.07
2005-01-18,38370,2005.047,11.3
2005-01-14,38366,2005.036,11.33
2005-01-13,38365,2005.033,10.86
2005-01-12,38364,2005.031,10.75
2005-01-11,38363,2005.028,11.01
2005-01-10,38362,2005.025,11.27
2005-01-07,38359,2005.017,11.12
2005-01-06,38358,2005.014,11.05
2005-01-05,38357,2005.011,11.2
2005-01-04,38356,2005.008,11.66
2005-01-03,38355,2005.006,11.92
2004-12-31,38352,2005,12.33
2004-12-30,38351,2004.997,12.68
2004-12-29,38350,2004.994,12.63
2004-12-28,38349,2004.992,12.1
2004-12-27,38348,2004.989,11.6
2004-12-23,38344,2004.978,11.53
2004-12-22,38343,2004.975,11.7
2004-12-21,38342,2004.972,12.6
2004-12-20,38341,2004.969,12.7
2004-12-17,38338,2004.961,12.98
2004-12-16,38337,2004.958,13.36
2004-12-15,38336,2004.956,12.82
2004-12-14,38335,2004.953,12.6
2004-12-13,38334,2004.95,12.78
2004-12-10,38331,2004.942,11.74
2004-12-09,38330,2004.939,11.73
2004-12-08,38329,2004.936,11.31
2004-12-07,38328,2004.933,11.67
2004-12-06,38327,2004.931,11.2
2004-12-03,38324,2004.922,11.3
2004-12-02,38323,2004.919,11.35
2004-12-01,38322,2004.917,11.25
2004-11-30,38321,2004.914,11.38
2004-11-29,38320,2004.911,11.42
2004-11-26,38317,2004.903,11.35
2004-11-24,38315,2004.897,11.36
2004-11-23,38314,2004.894,10.95
2004-11-22,38313,2004.892,11.31
2004-11-19,38310,2004.883,11.25
2004-11-18,38309,2004.881,11.92
2004-11-17,38308,2004.878,10.46
2004-11-16,38307,2004.875,10.82
2004-11-15,38306,2004.872,11.23
2004-11-12,38303,2004.864,10.86
2004-11-11,38302,2004.861,10.75
2004-11-10,38301,2004.858,10.38
2004-11-09,38300,2004.856,10.66
2004-11-08,38299,2004.853,10.86
2004-11-05,38296,2004.844,10.92
2004-11-04,38295,2004.842,10.57
2004-11-03,38294,2004.839,10.12
2004-11-02,38293,2004.836,9.91
2004-11-01,38292,2004.833,9.43
2004-10-29,38289,2004.828,9.47
2004-10-28,38288,2004.825,9.59
2004-10-27,38287,2004.822,9.68
2004-10-26,38286,2004.819,9.61
2004-10-25,38285,2004.817,9.99
2004-10-22,38282,2004.808,9.8
2004-10-21,38281,2004.806,10.07
2004-10-20,38280,2004.803,10.1
2004-10-19,38279,2004.8,9.93
2004-10-18,38278,2004.797,9.87
2004-10-15,38275,2004.789,10.3
2004-10-14,38274,2004.786,17.43
2004-10-13,38273,2004.783,17.35
2004-10-12,38272,2004.781,17.28
2004-10-11,38271,2004.778,17.43
2004-10-08,38268,2004.769,16.76
2004-10-07,38267,2004.767,17.54
2004-10-06,38266,2004.764,17.95
2004-10-05,38265,2004.761,18.05
2004-10-04,38264,2004.758,17.25
2004-10-01,38261,2004.75,16.33
2004-09-30,38260,2004.747,15.42
2004-09-29,38259,2004.744,16.38
2004-09-28,38258,2004.742,16.39
2004-09-27,38257,2004.739,16.34
2004-09-24,38254,2004.731,16.65
2004-09-23,38253,2004.728,16.8
2004-09-22,38252,2004.725,16.85
2004-09-21,38251,2004.722,17.51
2004-09-20,38250,2004.719,17.76
2004-09-17,38247,2004.711,16.99
2004-09-16,38246,2004.708,17.09
2004-09-15,38245,2004.706,15.9
2004-09-14,38244,2004.703,16.32
2004-09-13,38243,2004.7,15.82
2004-09-10,38240,2004.692,14.94
2004-09-09,38239,2004.689,15.08
2004-09-08,38238,2004.686,15.07
2004-09-07,38237,2004.683,15.41
2004-09-03,38233,2004.672,14.36
2004-09-02,38232,2004.669,14.85
2004-09-01,38231,2004.667,14.27
2004-08-31,38230,2004.667,13.95
2004-08-30,38229,2004.664,14.45
2004-08-27,38226,2004.656,15.15
2004-08-26,38225,2004.653,15.24
2004-08-25,38224,2004.65,15.67
2004-08-24,38223,2004.647,15.46
2004-08-23,38222,2004.644,15.91
2004-08-20,38219,2004.636,15.84
2004-08-19,38218,2004.633,15.85
2004-08-18,38217,2004.631,15.74
2004-08-17,38216,2004.628,15.57
2004-08-16,38215,2004.625,15.38
2004-08-13,38212,2004.617,14.98
2004-08-12,38211,2004.614,15.38
2004-08-11,38210,2004.611,16.11
2004-08-10,38209,2004.608,17.14
2004-08-09,38208,2004.606,16.42
2004-08-06,38205,2004.597,16.91
2004-08-05,38204,2004.594,17.1
2004-08-04,38203,2004.592,17.53
2004-08-03,38202,2004.589,19.25
2004-08-02,38201,2004.586,20.16
2004-07-30,38198,2004.581,20.5
2004-07-29,38197,2004.578,20.3
2004-07-28,38196,2004.575,20.23
2004-07-27,38195,2004.572,20.36
2004-07-26,38194,2004.569,19.06
2004-07-23,38191,2004.561,20.27
2004-07-22,38190,2004.558,20.24
2004-07-21,38189,2004.556,20
2004-07-20,38188,2004.553,21.56
2004-07-19,38187,2004.55,20.17
2004-07-16,38184,2004.542,23.02
2004-07-15,38183,2004.539,32
2004-07-14,38182,2004.536,32.06
2004-07-13,38181,2004.533,31.84
2004-07-12,38180,2004.531,32.58
2004-07-09,38177,2004.522,33.43
2004-07-08,38176,2004.519,31.91
2004-07-07,38175,2004.517,33.35
2004-07-06,38174,2004.514,33.52
2004-07-02,38170,2004.503,32.31
2004-07-01,38169,2004.5,35.95
2004-06-30,38168,2004.497,36
2004-06-29,38167,2004.494,34.18
2004-06-28,38166,2004.492,34
2004-06-25,38163,2004.483,31.99
2004-06-24,38162,2004.481,31.09
2004-06-23,38161,2004.478,30.69
2004-06-22,38160,2004.475,28.99
2004-06-21,38159,2004.472,28.92
2004-06-18,38156,2004.464,29.55
2004-06-17,38155,2004.461,29.82
2004-06-16,38154,2004.458,30.24
2004-06-15,38153,2004.456,29.73
2004-06-14,38152,2004.453,29.55
2004-06-10,38148,2004.442,31.19
2004-06-09,38147,2004.439,31.3
2004-06-08,38146,2004.436,32.01
2004-06-07,38145,2004.433,32.1
2004-06-04,38142,2004.425,31.4
2004-06-03,38141,2004.422,31.15
2004-06-02,38140,2004.419,32.47
2004-06-01,38139,2004.417,32.6
2004-05-28,38135,2004.408,32.92
2004-05-27,38134,2004.406,33.2
2004-05-26,38133,2004.403,32.54
2004-05-25,38132,2004.4,32.1
2004-05-24,38131,2004.397,31.95
2004-05-21,38128,2004.389,31.26
2004-05-20,38127,2004.386,30.94
2004-05-19,38126,2004.383,31.35
2004-05-18,38125,2004.381,31
2004-05-17,38124,2004.378,30.5
2004-05-14,38121,2004.369,30.74
2004-05-13,38120,2004.367,30.69
2004-05-12,38119,2004.364,29.51
2004-05-11,38118,2004.361,29.4
2004-05-10,38117,2004.358,26.99
2004-05-07,38114,2004.35,27.34
2004-05-06,38113,2004.347,28.21
2004-05-05,38112,2004.344,28.79
2004-05-04,38111,2004.342,26.97
2004-05-03,38110,2004.339,26.9
2004-04-30,38107,2004.331,25.36
2004-04-29,38106,2004.328,26.05
2004-04-28,38105,2004.325,27.68
2004-04-27,38104,2004.322,28.04
2004-04-26,38103,2004.319,28.61
2004-04-23,38100,2004.311,29.61
2004-04-22,38099,2004.308,29.78
2004-04-21,38098,2004.306,29.01
2004-04-20,38097,2004.303,29.1
2004-04-19,38096,2004.3,30.65
2004-04-16,38093,2004.292,30.75
2004-04-15,38092,2004.289,37.02
2004-04-14,38091,2004.286,36.5
2004-04-13,38090,2004.283,36.59
2004-04-12,38089,2004.281,37.71
2004-04-08,38085,2004.269,37.65
2004-04-07,38084,2004.267,35.63
2004-04-06,38083,2004.264,35.6
2004-04-05,38082,2004.261,35.7
2004-04-02,38079,2004.253,35.18
2004-04-01,38078,2004.25,35.36
2004-03-31,38077,2004.25,34.12
2004-03-30,38076,2004.247,34.37
2004-03-29,38075,2004.244,33.39
2004-03-26,38072,2004.236,28.97
2004-03-25,38071,2004.233,29.6
2004-03-24,38070,2004.231,28.33
2004-03-23,38069,2004.228,28.5
2004-03-22,38068,2004.225,29.25
2004-03-19,38065,2004.217,30.73
2004-03-18,38064,2004.214,30.9
2004-03-17,38063,2004.211,30.52
2004-03-16,38062,2004.208,29.05
2004-03-15,38061,2004.206,29.55
2004-03-12,38058,2004.197,30.77
2004-03-11,38057,2004.194,30.02
2004-03-10,38056,2004.192,30.61
2004-03-09,38055,2004.189,31.15
2004-03-08,38054,2004.186,31.98
2004-03-05,38051,2004.178,33.27
2004-03-04,38050,2004.175,32.68
2004-03-03,38049,2004.172,33.02
2004-03-02,38048,2004.169,34.46
2004-03-01,38047,2004.167,34.75
2004-02-27,38044,2004.156,34.4
2004-02-26,38043,2004.153,33.6
2004-02-25,38042,2004.15,31.11
2004-02-24,38041,2004.147,31.2
2004-02-23,38040,2004.144,35.02
2004-02-20,38037,2004.136,35.38
2004-02-19,38036,2004.133,34.15
2004-02-18,38035,2004.131,35.24
2004-02-17,38034,2004.128,35.28
2004-02-13,38030,2004.117,35.54
2004-02-12,38029,2004.114,37.3
2004-02-11,38028,2004.111,71.96
2004-02-10,38027,2004.108,72.8
2004-02-09,38026,2004.106,76.56
2004-02-06,38023,2004.097,76.63
2004-02-05,38022,2004.094,73.16
2004-02-04,38021,2004.092,69.65
2004-02-03,38020,2004.089,71.9
2004-02-02,38019,2004.086,72.73
2004-01-30,38016,2004.081,73.41
2004-01-29,38015,2004.078,70.75
2004-01-28,38014,2004.075,71.9
2004-01-27,38013,2004.072,75.19
2004-01-26,38012,2004.069,76.26
2004-01-23,38009,2004.061,77.5
2004-01-22,38008,2004.058,77.66
2004-01-21,38007,2004.056,65.8
2004-01-20,38006,2004.053,67.75
2004-01-16,38002,2004.042,65.56
2004-01-15,38001,2004.039,64.79
2004-01-14,38000,2004.036,65.1
2004-01-13,37999,2004.033,65.31
2004-01-12,37998,2004.031,64.05
2004-01-09,37995,2004.022,62
2004-01-08,37994,2004.019,62.06
2004-01-07,37993,2004.017,62.24
2004-01-06,37992,2004.014,59.61
2004-01-05,37991,2004.011,55.9
2004-01-02,37988,2004.003,54.83
2003-12-31,37986,2004,54.69
2003-12-30,37985,2003.997,56.79
2003-12-29,37984,2003.994,58.31
2003-12-26,37981,2003.986,58.2
2003-12-24,37979,2003.981,56.98
2003-12-23,37978,2003.978,54.87
2003-12-22,37977,2003.975,51.97
2003-12-19,37974,2003.967,51.07
2003-12-18,37973,2003.964,51.17
2003-12-17,37972,2003.961,50.49
2003-12-16,37971,2003.958,44.8
2003-12-15,37970,2003.956,45.32
2003-12-12,37967,2003.947,46.81
2003-12-11,37966,2003.944,47.44
2003-12-10,37965,2003.942,45.05
2003-12-09,37964,2003.939,45.44
2003-12-08,37963,2003.936,47.21
2003-12-05,37960,2003.928,47.47
2003-12-04,37959,2003.925,48.04
2003-12-03,37958,2003.922,49.77
2003-12-02,37957,2003.919,50.9
2003-12-01,37956,2003.917,50.7
2003-11-28,37953,2003.908,49
2003-11-26,37951,2003.903,48.31
2003-11-25,37950,2003.9,48.01
2003-11-24,37949,2003.897,46.8
2003-11-21,37946,2003.889,45.65
2003-11-20,37945,2003.886,45.56
2003-11-19,37944,2003.883,46.44
2003-11-18,37943,2003.881,46.57
2003-11-17,37942,2003.878,44.66
2003-11-14,37939,2003.869,46.77
2003-11-13,37938,2003.867,48.5
2003-11-12,37937,2003.864,50.24
2003-11-11,37936,2003.861,47.03
2003-11-10,37935,2003.858,46.6
2003-11-07,37932,2003.85,46.88
2003-11-06,37931,2003.847,50.83
2003-11-05,37930,2003.844,58.72
2003-11-04,37929,2003.842,59.6
2003-11-03,37928,2003.839,58.45
2003-10-31,37925,2003.833,57.3
2003-10-30,37924,2003.831,58.31
2003-10-29,37923,2003.828,59.06
2003-10-28,37922,2003.825,56.48
2003-10-27,37921,2003.822,53.75
2003-10-24,37918,2003.814,51.99
2003-10-23,37917,2003.811,52.13
2003-10-22,37916,2003.808,52.45
2003-10-21,37915,2003.806,54.5
2003-10-20,37914,2003.803,54.74
2003-10-17,37911,2003.794,52.13
2003-10-16,37910,2003.792,51.85
2003-10-15,37909,2003.789,44.7
2003-10-14,37908,2003.786,47.22
2003-10-13,37907,2003.783,46.83
2003-10-10,37904,2003.775,44.65
2003-10-09,37903,2003.772,43.07
2003-10-08,37902,2003.769,43
2003-10-07,37901,2003.767,44.05
2003-10-06,37900,2003.764,41.36
2003-10-03,37897,2003.756,40.15
2003-10-02,37896,2003.753,40.97
2003-10-01,37895,2003.75,34.51
2003-09-30,37894,2003.747,33.56
2003-09-29,37893,2003.744,33.48
2003-09-26,37890,2003.736,33.49
2003-09-25,37889,2003.733,34.81
2003-09-24,37888,2003.731,38
2003-09-23,37887,2003.728,39.13
2003-09-22,37886,2003.725,38.79
2003-09-19,37883,2003.717,37
2003-09-18,37882,2003.714,36.54
2003-09-17,37881,2003.711,35.75
2003-09-16,37880,2003.708,35.9
2003-09-15,37879,2003.706,35.51
2003-09-12,37876,2003.697,34.57
2003-09-11,37875,2003.694,32.87
2003-09-10,37874,2003.692,33.91
2003-09-09,37873,2003.689,35.51
2003-09-08,37872,2003.686,34.72
2003-09-05,37869,2003.678,34.55
2003-09-04,37868,2003.675,33.49
2003-09-03,37867,2003.672,33.3
2003-09-02,37866,2003.669,33.65
2003-08-29,37862,2003.661,33.33
2003-08-28,37861,2003.658,31.64
2003-08-27,37860,2003.656,32.37
2003-08-26,37859,2003.653,29.79
2003-08-25,37858,2003.65,28.07
2003-08-22,37855,2003.642,28.8
2003-08-21,37854,2003.639,28.83
2003-08-20,37853,2003.636,27.72
2003-08-19,37852,2003.633,25.84
2003-08-18,37851,2003.631,24.85
2003-08-15,37848,2003.622,24.99
2003-08-14,37847,2003.619,24.94
2003-08-13,37846,2003.617,24.22
2003-08-12,37845,2003.614,24.87
2003-08-11,37844,2003.611,24.82
2003-08-08,37841,2003.603,23.49
2003-08-07,37840,2003.6,23.09
2003-08-06,37839,2003.597,23.36
2003-08-05,37838,2003.594,24.31
2003-08-04,37837,2003.592,24.95
2003-08-01,37834,2003.583,24.95
2003-07-31,37833,2003.583,26.2
2003-07-30,37832,2003.581,25.95
2003-07-29,37831,2003.578,26.69
2003-07-28,37830,2003.575,26.62
2003-07-25,37827,2003.567,27.02
2003-07-24,37826,2003.564,26.4
2003-07-23,37825,2003.561,26.67
2003-07-22,37824,2003.558,24.7
2003-07-21,37823,2003.556,23.53
2003-07-18,37820,2003.547,24.15
2003-07-17,37819,2003.544,25.28
2003-07-16,37818,2003.542,25.48
2003-07-15,37817,2003.539,26.38
2003-07-14,37816,2003.536,28.14
2003-07-11,37813,2003.528,26.49
2003-07-10,37812,2003.525,26.91
2003-07-09,37811,2003.522,27.56
2003-07-08,37810,2003.519,27.43
2003-07-07,37809,2003.517,26.8
2003-07-03,37805,2003.506,27.75
2003-07-02,37804,2003.503,27.16
2003-07-01,37803,2003.5,24.75
2003-06-30,37802,2003.497,25.55
2003-06-27,37799,2003.489,24.9
2003-06-26,37798,2003.486,24.88
2003-06-25,37797,2003.483,23.12
2003-06-24,37796,2003.481,22.85
2003-06-23,37795,2003.478,21.5
2003-06-20,37792,2003.469,21.7
2003-06-19,37791,2003.467,21.97
2003-06-18,37790,2003.464,21.46
2003-06-17,37789,2003.461,21.21
2003-06-16,37788,2003.458,21.75
2003-06-13,37785,2003.45,19.2
2003-06-12,37784,2003.447,21.92
2003-06-11,37783,2003.444,22.45
2003-06-10,37782,2003.442,22.7
2003-06-09,37781,2003.439,23
2003-06-06,37778,2003.431,23.61
2003-06-05,37777,2003.428,25.41
2003-06-04,37776,2003.425,24.4
2003-06-03,37775,2003.422,23.86
2003-06-02,37774,2003.419,23.3
2003-05-30,37771,2003.414,22.5
2003-05-29,37770,2003.411,22.8
2003-05-28,37769,2003.408,22.6
2003-05-27,37768,2003.406,22.69
2003-05-23,37764,2003.394,22.12
2003-05-22,37763,2003.392,22.59
2003-05-21,37762,2003.389,21.19
2003-05-20,37761,2003.386,21.75
2003-05-19,37760,2003.383,20.79
2003-05-16,37757,2003.375,23.79
2003-05-15,37756,2003.372,24.46
2003-05-14,37755,2003.369,24.48
2003-05-13,37754,2003.367,25.15
2003-05-12,37753,2003.364,23.53
2003-05-09,37750,2003.356,22.62
2003-05-08,37749,2003.353,22.88
2003-05-07,37748,2003.35,23.63
2003-05-06,37747,2003.347,23.22
2003-05-05,37746,2003.344,23.37
2003-05-02,37743,2003.336,22.63
2003-05-01,37742,2003.333,22.5
2003-04-30,37741,2003.331,22.8
2003-04-29,37740,2003.328,22.8
2003-04-28,37739,2003.325,22.16
2003-04-25,37736,2003.317,21.15
2003-04-24,37735,2003.314,22.02
2003-04-23,37734,2003.311,20.72
2003-04-22,37733,2003.308,22.97
2003-04-21,37732,2003.306,24.63
2003-04-17,37728,2003.294,21.96
2003-04-16,37727,2003.292,20.57
2003-04-15,37726,2003.289,20.15
2003-04-14,37725,2003.286,20.2
2003-04-11,37722,2003.278,20.77
2003-04-10,37721,2003.275,21.02
2003-04-09,37720,2003.272,20.4
2003-04-08,37719,2003.269,20.18
2003-04-07,37718,2003.267,19.95
2003-04-04,37715,2003.258,19.55
2003-04-03,37714,2003.256,20
2003-04-02,37713,2003.253,19.84
2003-04-01,37712,2003.25,18.96
2003-03-31,37711,2003.25,20.35
2003-03-28,37708,2003.242,21.06
2003-03-27,37707,2003.239,21.73
2003-03-26,37706,2003.236,20.6
2003-03-25,37705,2003.233,19.25
2003-03-24,37704,2003.231,18
2003-03-21,37701,2003.222,18.55
2003-03-20,37700,2003.219,18.83
2003-03-19,37699,2003.217,19.24
2003-03-18,37698,2003.214,18.75
2003-03-17,37697,2003.211,18
2003-03-14,37694,2003.203,16.55
2003-03-13,37693,2003.2,16.25
2003-03-12,37692,2003.197,15.06
2003-03-11,37691,2003.194,15.5
2003-03-10,37690,2003.192,15.73
2003-03-07,37687,2003.183,16.09
2003-03-06,37686,2003.181,16.3
2003-03-05,37685,2003.178,16.15
2003-03-04,37684,2003.175,16.35
2003-03-03,37683,2003.172,15.96
2003-02-28,37680,2003.158,17.11
2003-02-27,37679,2003.156,16.5
2003-02-26,37678,2003.153,14.55
2003-02-25,37677,2003.15,14.65
2003-02-24,37676,2003.147,14.04
2003-02-21,37673,2003.139,14.9
2003-02-20,37672,2003.136,15.38
2003-02-19,37671,2003.133,15.14
2003-02-18,37670,2003.131,14.66
2003-02-14,37666,2003.119,14.24
2003-02-13,37665,2003.117,13.22
2003-02-12,37664,2003.114,13.28
2003-02-11,37663,2003.111,12.98
2003-02-10,37662,2003.108,12.47
2003-02-07,37659,2003.1,12.18
2003-02-06,37658,2003.097,11.65
2003-02-05,37657,2003.094,11.94
2003-02-04,37656,2003.092,12.3
2003-02-03,37655,2003.089,12.8
2003-01-31,37652,2003.083,13.2
2003-01-30,37651,2003.081,12.63
2003-01-29,37650,2003.078,12.34
2003-01-28,37649,2003.075,12.55
2003-01-27,37648,2003.072,12.28
2003-01-24,37645,2003.064,12.33
2003-01-23,37644,2003.061,12.18
2003-01-22,37643,2003.058,11.6
2003-01-21,37642,2003.056,11.4
2003-01-17,37638,2003.044,11.44
2003-01-16,37637,2003.042,12
2003-01-15,37636,2003.039,12.2
2003-01-14,37635,2003.036,12.04
2003-01-13,37634,2003.033,12.14
2003-01-10,37631,2003.025,12.41
2003-01-09,37630,2003.022,11.74
2003-01-08,37629,2003.019,11.41
2003-01-07,37628,2003.017,10.97
2003-01-06,37627,2003.014,11.1
2003-01-03,37624,2003.006,10.82
2003-01-02,37623,2003.003,11.45
2002-12-31,37621,2003,11.01
2002-12-30,37620,2002.997,9.99
2002-12-27,37617,2002.989,9.67
2002-12-26,37616,2002.986,9.75
2002-12-24,37614,2002.981,9.9
2002-12-23,37613,2002.978,10.25
2002-12-20,37610,2002.969,10.7
2002-12-19,37609,2002.967,10.8
2002-12-18,37608,2002.964,10.99
2002-12-17,37607,2002.961,12.69
2002-12-16,37606,2002.958,12.79
2002-12-13,37603,2002.95,12.5
2002-12-12,37602,2002.947,12.61
2002-12-11,37601,2002.944,12.56
2002-12-10,37600,2002.942,12.2
2002-12-09,37599,2002.939,11.19
2002-12-06,37596,2002.931,10.95
2002-12-05,37595,2002.928,11
2002-12-04,37594,2002.925,9.94
2002-12-03,37593,2002.922,10.79
2002-12-02,37592,2002.919,10.66
2002-11-29,37589,2002.911,10.85
2002-11-27,37587,2002.906,10.52
2002-11-26,37586,2002.903,10.49
2002-11-25,37585,2002.9,11.1
2002-11-22,37582,2002.892,11.01
2002-11-21,37581,2002.889,11
2002-11-20,37580,2002.886,10.04
2002-11-19,37579,2002.883,9.3
2002-11-18,37578,2002.881,10.9
2002-11-15,37575,2002.872,9.1
2002-11-14,37574,2002.869,8.66
2002-11-13,37573,2002.867,8.98
2002-11-12,37572,2002.864,8.09
2002-11-11,37571,2002.861,8.41
2002-11-08,37568,2002.853,8.55
2002-11-07,37567,2002.85,8.3
2002-11-06,37566,2002.847,8.81
2002-11-05,37565,2002.844,9.12
2002-11-04,37564,2002.842,9.4
2002-11-01,37561,2002.833,8.94
2002-10-31,37560,2002.833,8.97
2002-10-30,37559,2002.831,8.98
2002-10-29,37558,2002.828,9.2
2002-10-28,37557,2002.825,9.6
2002-10-25,37554,2002.817,9
2002-10-24,37553,2002.814,8.11
2002-10-23,37552,2002.811,8.25
2002-10-22,37551,2002.808,8.75
2002-10-21,37550,2002.806,8.91
2002-10-18,37547,2002.797,9.56
2002-10-17,37546,2002.794,7.7
2002-10-16,37545,2002.792,6.43
2002-10-15,37544,2002.789,7.7
2002-10-14,37543,2002.786,7.48
2002-10-11,37540,2002.778,6.59
2002-10-10,37539,2002.775,7.09
2002-10-09,37538,2002.772,5.22
2002-10-08,37537,2002.769,5.67
2002-10-07,37536,2002.767,5.77
2002-10-04,37533,2002.758,6.56
2002-10-03,37532,2002.756,7.25
2002-10-02,37531,2002.753,8.1
2002-10-01,37530,2002.75,9.5
2002-09-30,37529,2002.747,9.7
2002-09-27,37526,2002.739,10.08
2002-09-26,37525,2002.736,10.96
2002-09-25,37524,2002.733,10.25
2002-09-24,37523,2002.731,10.05
2002-09-23,37522,2002.728,9.96
2002-09-20,37519,2002.719,9.91
2002-09-19,37518,2002.717,10.14
2002-09-18,37517,2002.714,11.03
2002-09-17,37516,2002.711,11.62
2002-09-16,37515,2002.708,12
2002-09-13,37512,2002.7,12.3
2002-09-12,37511,2002.697,12.95
2002-09-11,37510,2002.694,13.46
2002-09-10,37509,2002.692,13.23
2002-09-09,37508,2002.689,12.62
2002-09-06,37505,2002.681,12.8
2002-09-05,37504,2002.678,12.85
2002-09-04,37503,2002.675,13
2002-09-03,37502,2002.672,12.95
2002-08-30,37498,2002.664,13.11
2002-08-29,37497,2002.661,12.65
2002-08-28,37496,2002.658,12.1
2002-08-27,37495,2002.656,12.23
2002-08-26,37494,2002.653,13.55
2002-08-23,37491,2002.644,13.91
2002-08-22,37490,2002.642,13.77
2002-08-21,37489,2002.639,13.56
2002-08-20,37488,2002.636,13.25
2002-08-19,37487,2002.633,13.75
2002-08-16,37484,2002.625,12.78
2002-08-15,37483,2002.622,12.36
2002-08-14,37482,2002.619,11.67
2002-08-13,37481,2002.617,10.82
2002-08-12,37480,2002.614,10.6
2002-08-09,37477,2002.606,11.02
2002-08-08,37476,2002.603,11.15
2002-08-07,37475,2002.6,11.11
2002-08-06,37474,2002.597,10.65
2002-08-05,37473,2002.594,10.85
2002-08-02,37470,2002.586,10.89
2002-08-01,37469,2002.583,12.48
2002-07-31,37468,2002.583,13.35
2002-07-30,37467,2002.581,12.8
2002-07-29,37466,2002.578,12.27
2002-07-26,37463,2002.569,12.2
2002-07-25,37462,2002.567,14.51
2002-07-24,37461,2002.564,15.6
2002-07-23,37460,2002.561,16.05
2002-07-22,37459,2002.558,16.39
2002-07-19,37456,2002.55,16.24
2002-07-18,37455,2002.547,16.09
2002-07-17,37454,2002.544,15.25
2002-07-16,37453,2002.542,15.77
2002-07-15,37452,2002.539,16
2002-07-12,37449,2002.531,16.91
2002-07-11,37448,2002.528,17.77
2002-07-10,37447,2002.525,16.29
2002-07-09,37446,2002.522,16.25
2002-07-08,37445,2002.519,16.46
2002-07-05,37442,2002.511,17.87
2002-07-03,37440,2002.506,17
2002-07-02,37439,2002.503,16.42
2002-07-01,37438,2002.5,14.39
2002-06-28,37435,2002.492,13.99
2002-06-27,37434,2002.489,13.21
2002-06-26,37433,2002.486,13.84
2002-06-25,37432,2002.483,13.5
2002-06-24,37431,2002.481,13.7
2002-06-21,37428,2002.472,13.71
2002-06-20,37427,2002.469,13.4
2002-06-19,37426,2002.467,13.32
2002-06-18,37425,2002.464,12.75
2002-06-17,37424,2002.461,12.91
2002-06-14,37421,2002.453,13.81
2002-06-13,37420,2002.45,15.16
2002-06-12,37419,2002.447,15.3
2002-06-11,37418,2002.444,16.15
2002-06-10,37417,2002.442,16.19
2002-06-07,37414,2002.433,15.66
2002-06-06,37413,2002.431,16.55
2002-06-05,37412,2002.428,16.06
2002-06-04,37411,2002.425,15.65
2002-06-03,37410,2002.422,15.8
2002-05-31,37407,2002.417,15.07
2002-05-30,37406,2002.414,15
2002-05-29,37405,2002.411,15.45
